Entity,Year,Gold_true,Gold_trend,Gold_trend_std,Total_true,Total_trend,Total_trend_std,Split
Algeria,1964,0.0,0.6206924676895141,0.16948130963684352,0.0,2.2302955627441405,0.8996627944026236,train
Algeria,1968,0.0,0.6206924676895141,0.16948130963684352,0.0,2.2302955627441405,0.8996627944026236,train
Algeria,1972,0.0,0.6206924676895141,0.16948130963684352,0.0,2.2302955627441405,0.8996627944026236,train
Algeria,1976,0.0,0.6206924676895141,0.16948130963684352,0.0,2.2302955627441405,0.8996627944026236,train
Algeria,1980,0.0,0.6206924676895141,0.16948130963684352,0.0,2.2302955627441405,0.8996627944026236,train
Algeria,1984,0.0,0.6206924676895141,0.16948130963684352,2.0,2.2302955627441405,0.8996627944026236,train
Algeria,1988,0.0,0.7153530836105346,0.19032908262914083,0.0,2.5526006698608397,0.9769118706903855,train
Algeria,1992,1.0,0.6884437322616577,0.17470677482356542,2.0,2.4629925727844237,0.9228991973352061,train
Algeria,1996,2.0,0.8862455368041993,0.17351088956305288,3.0,3.1213429450988768,0.9826581986053036,train
Algeria,2000,1.0,1.1758590936660767,0.16074927272113587,5.0,4.053656005859375,1.0249072496321867,train
Algeria,2004,0.0,1.402836227416992,0.1429025070890521,0.0,4.791071891784668,0.9934377459558303,train
Algeria,2008,0.0,1.0691699028015136,0.10740853367657133,2.0,3.726506996154785,0.777022350047617,train
Algeria,2012,1.0,0.8972575187683105,0.1561287464436701,1.0,3.16760196685791,0.8986535246837076,train
Algeria,2016,0.0,0.8550620555877686,0.1701704323710369,2.0,3.017651176452637,0.9719284507918224,train
Algeria,2020,0.0,0.8734601974487305,0.16265450753426264,0.0,3.0847434043884276,0.9353785869345586,val
Algeria,2024,2.0,0.7629615545272828,0.1451665690513994,3.0,2.7118271827697753,0.8562540311893175,val
Argentina,1964,0.0,0.9725818157196044,0.16251346812236686,1.0,3.419374179840088,0.9228147528451704,train
Argentina,1968,0.0,0.7862076997756958,0.18247401296755258,2.0,2.7979726791381836,0.9577102306359957,train
Argentina,1972,0.0,0.799647855758667,0.19008767080544542,1.0,2.8426513671875,0.9849679916292122,train
Argentina,1976,0.0,0.7608550071716309,0.18367438842874095,0.0,2.7106206893920897,0.9597398656351706,train
Argentina,1980,0.0,0.7037919998168946,0.16948013572127607,0.0,2.516306209564209,0.9062177913601498,train
Argentina,1984,0.0,0.645011568069458,0.1680881983458117,0.0,2.3141171455383303,0.8970605231605524,train
Argentina,1988,0.0,0.6206924676895141,0.16948130963684352,2.0,2.2302955627441405,0.8996627944026236,train
Argentina,1992,0.0,0.7153530836105346,0.19032908262914083,1.0,2.5526006698608397,0.9769118706903855,train
Argentina,1996,0.0,0.7359162092208862,0.18502988726767403,3.0,2.6246771812438965,0.9619783997576766,train
Argentina,2000,0.0,0.8499950647354126,0.2014658712784866,4.0,3.0106640815734864,1.0272554497323725,train
Argentina,2004,2.0,0.9492825031280517,0.223078617587825,6.0,3.3411535263061523,1.1054401946105046,train
Argentina,2008,2.0,1.4446433544158936,0.25122817039874873,6.0,4.936293029785157,1.2894408239568187,train
Argentina,2012,1.0,1.7666794538497925,0.21564057121457794,4.0,5.9451807022094725,1.241952737303637,train
Argentina,2016,3.0,1.6941043615341187,0.1250581570638776,4.0,5.724159145355225,0.9474383150857149,train
Argentina,2020,0.0,1.8145596742630006,0.12899386954044545,3.0,6.0765026092529295,1.0130280076018445,val
Argentina,2024,1.0,1.3448576927185059,0.11274463522000884,3.0,4.612238788604737,0.8539455397657212,val
Armenia,1964,0.0,0.6206924676895141,0.16948130963684352,0.0,2.2302955627441405,0.8996627944026236,train
Armenia,1968,0.0,0.6206924676895141,0.16948130963684352,0.0,2.2302955627441405,0.8996627944026236,train
Armenia,1972,0.0,0.6206924676895141,0.16948130963684352,0.0,2.2302955627441405,0.8996627944026236,train
Armenia,1976,0.0,0.6206924676895141,0.16948130963684352,0.0,2.2302955627441405,0.8996627944026236,train
Armenia,1980,0.0,0.6206924676895141,0.16948130963684352,0.0,2.2302955627441405,0.8996627944026236,train
Armenia,1984,0.0,0.6206924676895141,0.16948130963684352,0.0,2.2302955627441405,0.8996627944026236,train
Armenia,1988,0.0,0.6206924676895141,0.16948130963684352,0.0,2.2302955627441405,0.8996627944026236,train
Armenia,1992,0.0,0.6206924676895141,0.16948130963684352,0.0,2.2302955627441405,0.8996627944026236,train
Armenia,1996,1.0,0.6206924676895141,0.16948130963684352,2.0,2.2302955627441405,0.8996627944026236,train
Armenia,2000,0.0,0.8339934349060059,0.17544591933278264,1.0,2.944828987121582,0.986896445605969,train
Armenia,2004,0.0,0.8079472541809082,0.1579017361605035,0.0,2.863251781463623,0.9147278907890198,train
Armenia,2008,0.0,0.753896975517273,0.14168717056702457,5.0,2.680972385406494,0.8431571533693185,train
Armenia,2012,0.0,0.8906654834747314,0.22383587872601407,2.0,3.1424270629882813,1.102481617266884,train
Armenia,2016,1.0,0.8938130855560302,0.20651140347413327,4.0,3.158779430389404,1.0473861603658035,train
Armenia,2020,0.0,1.159259843826294,0.21105430543023526,4.0,4.024370574951172,1.110444014568989,val
Armenia,2024,0.0,1.0987194061279297,0.2017249526450644,4.0,3.8294316291809083,1.0729818896780474,val
Australia,1964,6.0,10.809184455871582,0.7814036238571903,18.0,32.51786346435547,1.6250837044710749,train
Australia,1968,5.0,10.492999076843262,1.6318177127190738,17.0,31.723006439208984,3.410317437908396,train
Australia,1972,8.0,6.886819839477539,0.8276830463765245,17.0,21.872144317626955,1.3336490445484497,train
Australia,1976,0.0,6.678030776977539,0.6616594497046521,5.0,21.15471839904785,1.0580956683735234,train
Australia,1980,2.0,4.346621179580689,0.4477896701115454,9.0,14.573502349853516,0.5173657539073039,train
Australia,1984,4.0,3.385279417037964,0.2348364414977682,24.0,11.62067985534668,0.21927411645196443,train
Australia,1988,3.0,4.0185857772827145,0.348114595660458,14.0,13.580774879455566,1.7523008974269654,train
Australia,1992,7.0,4.655447387695313,0.1243751517521985,27.0,15.543211746215821,0.9843756228334164,train
Australia,1996,9.0,7.981788539886475,1.022663569692423,41.0,24.694076919555663,3.3207642601491383,train
Australia,2000,16.0,11.536563110351562,1.8239068616312526,58.0,33.98490219116211,4.883790160073792,train
Australia,2004,17.0,18.3654052734375,0.6224266745579291,50.0,51.723184204101564,2.019006179112008,train
Australia,2008,14.0,21.88250732421875,0.8255014396854143,46.0,60.80520248413086,1.9144241795501127,train
Australia,2012,8.0,22.987114715576173,1.7483484348228764,35.0,63.69016342163086,3.5954527830687364,train
Australia,2016,8.0,18.733064651489258,2.086127175644967,29.0,52.90238265991211,4.048924097612045,train
Australia,2020,17.0,14.237295341491699,1.8003544550370425,46.0,41.24702529907226,3.5105738193887923,val
Australia,2024,18.0,14.883525848388672,1.2730041475088794,53.0,42.72383346557617,2.3601379380528935,val
Austria,1964,0.0,0.960435938835144,0.18049194316521514,0.0,3.3696635246276854,1.0092545968916404,train
Austria,1968,0.0,0.8111027956008912,0.1460250957279331,4.0,2.875922107696533,0.872740738577151,train
Austria,1972,0.0,0.917020297050476,0.18002446330361926,3.0,3.2285337448120117,0.9841038180091549,train
Austria,1976,0.0,0.9075711250305176,0.21470026180921412,1.0,3.203053855895996,1.0755932551765415,train
Austria,1980,1.0,0.8755735397338867,0.1842233948403888,4.0,3.1017328262329102,0.9691336440827696,train
Austria,1984,1.0,1.0601068019866944,0.204966617444107,3.0,3.6943821907043457,1.0861949122921604,train
Austria,1988,1.0,1.1488246679306031,0.1787518445691858,1.0,3.980368232727051,1.0393839533504041,train
Austria,1992,0.0,1.144014573097229,0.11889049362109799,2.0,3.9647903442382812,0.8644290327046866,train
Austria,1996,0.0,0.955597972869873,0.13428746355198565,3.0,3.35396671295166,0.866295855403889,train
Austria,2000,2.0,0.9115314245223999,0.17566842808778504,3.0,3.211737632751465,0.9705025219877934,train
Austria,2004,2.0,1.1919504880905152,0.19328490797840808,7.0,4.116157054901123,1.091798285626868,train
Austria,2008,0.0,1.6519761085510254,0.20817260742931382,3.0,5.576764678955078,1.2165414076452623,train
Austria,2012,0.0,1.4198973417282104,0.12230345404654312,0.0,4.8594612121582035,0.8821177470711601,train
Austria,2016,0.0,1.027283215522766,0.12377031970611613,1.0,3.5979334831237795,0.7874419719625758,train
Austria,2020,1.0,0.7424118757247925,0.17592843860388568,7.0,2.6478272438049317,0.9308571565692675,val
Austria,2024,2.0,1.145458984375,0.25381445129967534,5.0,3.970181179046631,1.2472510072751297,val
Azerbaijan,1964,0.0,0.6206924676895141,0.16948130963684352,0.0,2.2302955627441405,0.8996627944026236,train
Azerbaijan,1968,0.0,0.6206924676895141,0.16948130963684352,0.0,2.2302955627441405,0.8996627944026236,train
Azerbaijan,1972,0.0,0.6206924676895141,0.16948130963684352,0.0,2.2302955627441405,0.8996627944026236,train
Azerbaijan,1976,0.0,0.6206924676895141,0.16948130963684352,0.0,2.2302955627441405,0.8996627944026236,train
Azerbaijan,1980,0.0,0.6206924676895141,0.16948130963684352,0.0,2.2302955627441405,0.8996627944026236,train
Azerbaijan,1984,0.0,0.6206924676895141,0.16948130963684352,0.0,2.2302955627441405,0.8996627944026236,train
Azerbaijan,1988,0.0,0.6206924676895141,0.16948130963684352,0.0,2.2302955627441405,0.8996627944026236,train
Azerbaijan,1992,0.0,0.6206924676895141,0.16948130963684352,0.0,2.2302955627441405,0.8996627944026236,train
Azerbaijan,1996,0.0,0.6206924676895141,0.16948130963684352,1.0,2.2302955627441405,0.8996627944026236,train
Azerbaijan,2000,2.0,0.6676949024200439,0.1798028624525253,3.0,2.3903839111328127,0.9376466183522708,train
Azerbaijan,2004,1.0,1.0549384832382203,0.1832623407248093,5.0,3.6636013984680176,1.0584094936127022,train
Azerbaijan,2008,1.0,1.3094268798828126,0.17477586262448128,6.0,4.49457311630249,1.0687986815309853,train
Azerbaijan,2012,2.0,1.561672616004944,0.1644966428367992,9.0,5.306677150726318,1.0625832604111072,train
Azerbaijan,2016,1.0,1.970405101776123,0.2666394541713649,18.0,6.592250728607178,1.4004358347415822,train
Azerbaijan,2020,0.0,2.7493796825408934,0.42195769194351057,7.0,9.04016752243042,1.9660840840028535,val
Azerbaijan,2024,2.0,2.389462947845459,0.30456231503474324,7.0,7.961865520477295,1.5384425602498941,val
Bahamas,1964,1.0,0.6543103933334351,0.17200575097891496,1.0,2.345773696899414,0.9109589525521297,train
Bahamas,1968,0.0,0.8096150875091552,0.1629371437578559,0.0,2.8640886306762696,0.9452855360158181,train
Bahamas,1972,0.0,0.7248416185379029,0.14545758521943367,0.0,2.57936372756958,0.8675145975297976,train
Bahamas,1976,0.0,0.6938234806060791,0.14020308121268288,0.0,2.4745019912719726,0.836497773883686,train
Bahamas,1980,0.0,0.6206924676895141,0.16948130963684352,0.0,2.2302955627441405,0.8996627944026236,train
Bahamas,1984,0.0,0.6206924676895141,0.16948130963684352,0.0,2.2302955627441405,0.8996627944026236,train
Bahamas,1988,0.0,0.6206924676895141,0.16948130963684352,0.0,2.2302955627441405,0.8996627944026236,train
Bahamas,1992,0.0,0.6206924676895141,0.16948130963684352,1.0,2.2302955627441405,0.8996627944026236,train
Bahamas,1996,0.0,0.6676949024200439,0.1798028624525253,1.0,2.3903839111328127,0.9376466183522708,train
Bahamas,2000,2.0,0.7015465259552002,0.1823306339789058,3.0,2.506655788421631,0.9495006974017732,train
Bahamas,2004,1.0,1.083069396018982,0.18292715777009577,2.0,3.7565990447998048,1.0572856616002275,train
Bahamas,2008,0.0,1.136468505859375,0.13321169111714753,2.0,3.9340818405151365,0.9310842562375968,train
Bahamas,2012,1.0,1.0538411378860473,0.1127341233792698,1.0,3.6728172302246094,0.8123667944477624,train
Bahamas,2016,1.0,0.961859130859375,0.13923635184660346,2.0,3.370494747161865,0.9001996190503299,train
Bahamas,2020,2.0,1.0006777763366699,0.14906821793751796,2.0,3.4958517074584963,0.946220132020026,val
Bahamas,2024,0.0,1.20636088848114,0.11582121739307207,0.0,4.14893684387207,0.9146948209344101,val
Belarus,1964,0.0,0.6206924676895141,0.16948130963684352,0.0,2.2302955627441405,0.8996627944026236,train
Belarus,1968,0.0,0.6206924676895141,0.16948130963684352,0.0,2.2302955627441405,0.8996627944026236,train
Belarus,1972,0.0,0.6206924676895141,0.16948130963684352,0.0,2.2302955627441405,0.8996627944026236,train
Belarus,1976,0.0,0.6206924676895141,0.16948130963684352,0.0,2.2302955627441405,0.8996627944026236,train
Belarus,1980,0.0,0.6206924676895141,0.16948130963684352,0.0,2.2302955627441405,0.8996627944026236,train
Belarus,1984,0.0,0.6206924676895141,0.16948130963684352,0.0,2.2302955627441405,0.8996627944026236,train
Belarus,1988,0.0,0.6206924676895141,0.16948130963684352,0.0,2.2302955627441405,0.8996627944026236,train
Belarus,1992,0.0,0.6206924676895141,0.16948130963684352,0.0,2.2302955627441405,0.8996627944026236,train
Belarus,1996,1.0,0.6206924676895141,0.16948130963684352,15.0,2.2302955627441405,0.8996627944026236,train
Belarus,2000,3.0,1.6016594171524048,0.4032868962305612,17.0,5.432735729217529,1.7427493126178872,train
Belarus,2004,2.0,2.9367125034332275,0.5198707555194818,13.0,9.586186981201172,2.245431825957746,train
Belarus,2008,3.0,3.5774354457855226,0.31136582837104,14.0,11.558176803588868,1.713921886117091,train
Belarus,2012,2.0,3.76792049407959,0.24555299973710118,10.0,12.102755165100097,1.5160419561881582,train
Belarus,2016,1.0,3.1701917171478273,0.23958326700681226,9.0,10.322686195373535,1.472953511194043,train
Belarus,2020,1.0,2.6859299659729006,0.21387921071179108,7.0,8.852345752716065,1.308151956266643,val
Belarus,2024,0.0,2.0971530437469483,0.22627895911480292,0.0,7.015023612976075,1.270819432395265,val
Belgium,1964,2.0,1.476989459991455,0.1364189827545331,3.0,6.008687973022461,0.34013521331421004,train
Belgium,1968,0.0,1.5923394203186034,0.14166858110118657,2.0,6.3839240074157715,0.3481627705483446,train
Belgium,1972,0.0,1.442509126663208,0.15056673053739908,2.0,5.972132587432862,0.3595503004617446,train
Belgium,1976,0.0,1.3152796030044556,0.16516394070840476,6.0,5.610811519622803,0.4145662623651067,train
Belgium,1980,1.0,1.374221420288086,0.16991623045367923,1.0,5.8796491622924805,0.1711638469651458,train
Belgium,1984,1.0,1.384172248840332,0.16381033332854153,4.0,5.920347404479981,0.2607829466719299,train
Belgium,1988,0.0,1.5373194932937622,0.169670126752841,2.0,6.429911518096924,0.27950324331642,train
Belgium,1992,0.0,1.3177400827407837,0.1942989856872364,3.0,5.748451137542725,0.4322712525425257,train
Belgium,1996,2.0,1.283169722557068,0.19283031219619368,6.0,5.68221435546875,0.3731872220217739,train
Belgium,2000,0.0,1.6324344396591186,0.16869071797815688,5.0,6.804928493499756,0.14340609633376386,train
Belgium,2004,1.0,1.6134421825408936,0.19317802206462212,3.0,6.7849907875061035,0.2658100273149021,train
Belgium,2008,2.0,1.6310503482818604,0.22004011875744856,2.0,6.839278984069824,0.4305313039331212,train
Belgium,2012,0.0,1.5635717153549193,0.20715840293423873,3.0,6.600615119934082,0.40425901371973966,train
Belgium,2016,2.0,1.3835987329483033,0.2376109898088448,6.0,6.04073543548584,0.5717565785281223,train
Belgium,2020,3.0,1.7199752569198608,0.2068790915983051,7.0,7.121836471557617,0.339211910154064,val
Belgium,2024,3.0,2.155597686767578,0.18654016902107942,10.0,8.506468772888184,0.20224983523377263,val
Brazil,1964,0.0,0.955597972869873,0.13428746355198565,1.0,3.35396671295166,0.866295855403889,train
Brazil,1968,0.0,0.8109899759292603,0.15474999994590602,3.0,2.875356101989746,0.8924059992660948,train
Brazil,1972,0.0,0.8499950647354126,0.2014658712784866,2.0,3.0106640815734864,1.0272554497323725,train
Brazil,1976,0.0,0.8457338333129882,0.19758174581874405,2.0,2.997811508178711,1.0147182276099578,train
Brazil,1980,2.0,0.8621526956558228,0.19244020429652664,4.0,3.054147148132324,0.9976294839077855,train
Brazil,1984,1.0,1.2088051795959474,0.20371818621273916,8.0,4.17017297744751,1.1250104931106004,train
Brazil,1988,1.0,1.5712118864059448,0.2338079917621214,6.0,5.337680530548096,1.2658894169266597,train
Brazil,1992,2.0,1.743477988243103,0.1890379149921237,3.0,5.888708400726318,1.14269758226747,train
Brazil,1996,3.0,1.6854520320892334,0.16118866745486538,15.0,5.698231410980225,1.0540356270930595,train
Brazil,2000,0.0,2.5680942058563234,0.3303300012926069,12.0,8.434152984619141,1.686678833128795,train
Brazil,2004,5.0,2.5612605094909666,0.2975849538456623,10.0,8.46536111831665,1.5873498949827105,train
Brazil,2008,3.0,3.416385364532471,0.2549606000838314,17.0,11.036755561828613,1.5320705809956414,train
Brazil,2012,3.0,4.7979514598846436,1.4700840862022437,17.0,14.73866539001465,4.44591830363454,train
Brazil,2016,7.0,6.262124347686767,2.2015055746426255,19.0,18.656822776794435,5.876004713850704,train
Brazil,2020,7.0,7.343914604187011,0.6789545390540647,21.0,23.010891723632813,2.256644724712378,val
Brazil,2024,3.0,7.635320472717285,0.3041729145380782,20.0,23.873464584350586,0.8567978407079717,val
Bulgaria,1964,3.0,1.4281960487365724,0.24989065528739512,10.0,4.888261127471924,1.2851928698341615,train
Bulgaria,1968,2.0,2.2643224239349364,0.293401813058171,9.0,7.498354244232178,1.5291835871660322,train
Bulgaria,1972,6.0,2.4939289569854735,0.24124481301931844,21.0,8.2251371383667,1.42011020264526,train
Bulgaria,1976,6.0,4.310074806213379,0.2966015981105167,22.0,13.597725677490235,1.6743778616720393,train
Bulgaria,1980,8.0,5.647006416320801,0.2557466391302815,41.0,17.426113891601563,1.4367376319618388,train
Bulgaria,1984,0.0,9.225309753417969,0.5343960332536304,0.0,27.347411346435546,1.423413153250273,train
Bulgaria,1988,10.0,5.963227558135986,0.521690966367238,35.0,18.406218338012696,1.1907153244513577,train
Bulgaria,1992,3.0,8.080139923095704,0.45478418305732476,16.0,24.227141189575196,1.1820484109400307,train
Bulgaria,1996,3.0,5.556818294525146,0.27293427967750566,15.0,17.182583618164063,1.5258386417635204,train
Bulgaria,2000,5.0,6.419967174530029,0.7060157310041767,13.0,19.69103546142578,1.4807991180811984,train
Bulgaria,2004,2.0,4.307217025756836,0.2175423462432909,12.0,13.634903526306152,1.3750848308873693,train
Bulgaria,2008,1.0,3.759334087371826,0.19672395870521403,5.0,12.068964385986328,1.281556985953049,train
Bulgaria,2012,0.0,2.673206901550293,0.16898466793748843,3.0,8.795156955718994,0.9914698559748806,train
Bulgaria,2016,0.0,1.5531959533691406,0.15105581748379515,3.0,5.3068013191223145,0.919564196088039,train
Bulgaria,2020,3.0,1.0665500164031982,0.17874136160508433,6.0,3.7279993057250977,0.9810823486710719,val
Bulgaria,2024,3.0,1.5553194046020509,0.24612115584336464,7.0,5.270654296875,1.29618236063865,val
Cameroon,1964,0.0,0.6206924676895141,0.16948130963684352,0.0,2.2302955627441405,0.8996627944026236,train
Cameroon,1968,0.0,0.6206924676895141,0.16948130963684352,1.0,2.2302955627441405,0.8996627944026236,train
Cameroon,1972,0.0,0.6676949024200439,0.1798028624525253,0.0,2.3903839111328127,0.9376466183522708,train
Cameroon,1976,0.0,0.6543103933334351,0.17200575097891496,0.0,2.345773696899414,0.9109589525521297,train
Cameroon,1980,0.0,0.645011568069458,0.1680881983458117,0.0,2.3141171455383303,0.8970605231605524,train
Cameroon,1984,0.0,0.6206924676895141,0.16948130963684352,1.0,2.2302955627441405,0.8996627944026236,train
Cameroon,1988,0.0,0.6676949024200439,0.1798028624525253,0.0,2.3903839111328127,0.9376466183522708,train
Cameroon,1992,0.0,0.6543103933334351,0.17200575097891496,0.0,2.345773696899414,0.9109589525521297,train
Cameroon,1996,0.0,0.645011568069458,0.1680881983458117,0.0,2.3141171455383303,0.8970605231605524,train
Cameroon,2000,1.0,0.6206924676895141,0.16948130963684352,1.0,2.2302955627441405,0.8996627944026236,train
Cameroon,2004,1.0,0.7846160411834717,0.16441871517761913,1.0,2.7780320167541506,0.9481708872350961,train
Cameroon,2008,1.0,0.8936330556869507,0.14006744039028937,1.0,3.139597511291504,0.9146866311454667,train
Cameroon,2012,0.0,0.9746443271636963,0.11197894662400594,1.0,3.404343032836914,0.851239382814942,train
Cameroon,2016,0.0,0.84924476146698,0.12686668229491005,0.0,2.9974596977233885,0.8388833057819187,train
Cameroon,2020,0.0,0.7281297206878662,0.14259085396848073,0.0,2.592277717590332,0.8460549143052539,val
Cameroon,2024,0.0,0.645011568069458,0.1680881983458117,0.0,2.3141171455383303,0.8970605231605524,val
Canada,1964,1.0,1.1930619478225708,0.12150425503620879,4.0,4.131016826629638,0.8485690558037059,train
Canada,1968,1.0,1.2720407485961913,0.1454700079915814,5.0,4.3806352615356445,0.9383108516776617,train
Canada,1972,0.0,2.3437565565109253,1.319345849870852,5.0,7.200261783599854,3.681491879482114,train
Canada,1976,0.0,3.167705702781677,2.010700858600643,11.0,9.316863250732421,5.091946435459003,train
Canada,1980,0.0,3.3516475915908814,1.801783251839292,0.0,9.69994306564331,4.523180402373021,train
Canada,1984,10.0,1.9547106504440308,0.7585321813730324,44.0,5.838828754425049,2.175107543310911,train
Canada,1988,3.0,6.126022052764893,0.8974994010728172,10.0,18.329831695556642,2.915102440389346,train
Canada,1992,7.0,5.547917747497559,0.45489189976554506,18.0,16.872822761535645,2.001458390796559,train
Canada,1996,3.0,7.602825355529785,0.7280770912902214,22.0,22.630146789550782,1.672379042886918,train
Canada,2000,3.0,4.900161647796631,0.339028503022699,14.0,15.057889366149903,1.754542530229286,train
Canada,2004,3.0,4.8727617263793945,0.3186484848208514,12.0,15.018115615844726,1.458187819937517,train
Canada,2008,3.0,3.8764280319213866,0.3590809231026636,20.0,12.157925796508788,1.8031512636743532,train
Canada,2012,2.0,3.9362089157104494,0.4458435260233657,18.0,12.303835487365722,2.0712693619437905,train
Canada,2016,4.0,3.995115041732788,0.4551589997093541,22.0,12.49955348968506,2.098929031287456,train
Canada,2020,7.0,4.849449539184571,0.44076702166026527,24.0,14.952466201782226,2.02607883722787,val
Canada,2024,9.0,6.042184162139892,0.38870940366195056,27.0,18.27459831237793,1.8567532966675353,val
Chile,1964,0.0,0.8090996503829956,0.17839643621804108,0.0,2.877858543395996,0.9447517085025001,train
Chile,1968,0.0,0.7204080581665039,0.16489434024696928,0.0,2.5738840103149414,0.8905065354518744,train
Chile,1972,0.0,0.6206924676895141,0.16948130963684352,0.0,2.2302955627441405,0.8996627944026236,train
Chile,1976,0.0,0.6206924676895141,0.16948130963684352,0.0,2.2302955627441405,0.8996627944026236,train
Chile,1980,0.0,0.6206924676895141,0.16948130963684352,0.0,2.2302955627441405,0.8996627944026236,train
Chile,1984,0.0,0.6206924676895141,0.16948130963684352,0.0,2.2302955627441405,0.8996627944026236,train
Chile,1988,0.0,0.6206924676895141,0.16948130963684352,1.0,2.2302955627441405,0.8996627944026236,train
Chile,1992,0.0,0.6676949024200439,0.1798028624525253,0.0,2.3903839111328127,0.9376466183522708,train
Chile,1996,0.0,0.6543103933334351,0.17200575097891496,0.0,2.345773696899414,0.9109589525521297,train
Chile,2000,0.0,0.645011568069458,0.1680881983458117,1.0,2.3141171455383303,0.8970605231605524,train
Chile,2004,2.0,0.6676949024200439,0.1798028624525253,3.0,2.3903839111328127,0.9376466183522708,train
Chile,2008,0.0,1.0549384832382203,0.1832623407248093,1.0,3.6636013984680176,1.0584094936127022,train
Chile,2012,0.0,0.949938440322876,0.1339988432227139,0.0,3.334035110473633,0.8783259645989236,train
Chile,2016,0.0,0.8335616827011109,0.11695555073619136,0.0,2.9466346740722655,0.781471334616762,train
Chile,2020,0.0,0.645011568069458,0.1680881983458117,0.0,2.3141171455383303,0.8970605231605524,val
Chile,2024,1.0,0.6206924676895141,0.16948130963684352,2.0,2.2302955627441405,0.8996627944026236,val
China,1964,0.0,0.6206924676895141,0.16948130963684352,0.0,2.2302955627441405,0.8996627944026236,train
China,1968,0.0,0.6206924676895141,0.16948130963684352,0.0,2.2302955627441405,0.8996627944026236,train
China,1972,0.0,0.6206924676895141,0.16948130963684352,0.0,2.2302955627441405,0.8996627944026236,train
China,1976,0.0,0.6206924676895141,0.16948130963684352,0.0,2.2302955627441405,0.8996627944026236,train
China,1980,0.0,0.6206924676895141,0.16948130963684352,0.0,2.2302955627441405,0.8996627944026236,train
China,1984,15.0,0.6206924676895141,0.16948130963684352,32.0,2.2302955627441405,0.8996627944026236,train
China,1988,5.0,5.600521659851074,0.6202225596400013,28.0,17.08368034362793,2.3503077142180464,train
China,1992,16.0,7.7611486434936525,0.35479135830865605,54.0,23.314629745483398,1.2632392238255805,train
China,1996,16.0,15.491705322265625,1.4165158728718206,50.0,43.87113494873047,2.9094083812009384,train
China,2000,28.0,17.794847106933595,0.9883489667151443,58.0,49.77287216186524,2.009990846558731,train
China,2004,32.0,26.180699157714844,0.7299979330279402,63.0,70.96977996826172,2.3023861178241725,train
China,2008,48.0,30.164081573486328,1.5790788643342961,100.0,80.95335235595704,4.107738463482058,train
China,2012,39.0,35.143943786621094,0.9389786502639945,92.0,94.29850311279297,3.1153841249812038,train
China,2016,26.0,35.927574157714844,0.6281321609362197,70.0,96.4438247680664,2.833375069562893,train
China,2020,38.0,35.480262756347656,0.6333265411573413,89.0,95.42812652587891,2.65916349263339,val
China,2024,40.0,34.036058807373045,0.7591811869057253,91.0,91.69243774414062,2.7770974359210374,val
Chinese Taipei,1964,0.0,0.6676949024200439,0.1798028624525253,0.0,2.3903839111328127,0.9376466183522708,train
Chinese Taipei,1968,0.0,0.6543103933334351,0.17200575097891496,1.0,2.345773696899414,0.9109589525521297,train
Chinese Taipei,1972,0.0,0.6921931028366088,0.1783568057018936,0.0,2.4748106956481934,0.9351769426412799,train
Chinese Taipei,1976,0.0,0.6543103933334351,0.17200575097891496,0.0,2.345773696899414,0.9109589525521297,train
Chinese Taipei,1980,0.0,0.645011568069458,0.1680881983458117,0.0,2.3141171455383303,0.8970605231605524,train
Chinese Taipei,1984,0.0,0.6206924676895141,0.16948130963684352,1.0,2.2302955627441405,0.8996627944026236,train
Chinese Taipei,1988,0.0,0.6676949024200439,0.1798028624525253,0.0,2.3903839111328127,0.9376466183522708,train
Chinese Taipei,1992,0.0,0.6543103933334351,0.17200575097891496,1.0,2.345773696899414,0.9109589525521297,train
Chinese Taipei,1996,0.0,0.6921931028366088,0.1783568057018936,1.0,2.4748106956481934,0.9351769426412799,train
Chinese Taipei,2000,0.0,0.7015465259552002,0.1823306339789058,5.0,2.506655788421631,0.9495006974017732,train
Chinese Taipei,2004,2.0,0.9273058891296386,0.2279247604566538,5.0,3.2652804374694826,1.1187537942617576,train
Chinese Taipei,2008,1.0,1.3647470474243164,0.23889754804718127,4.0,4.6774757385253904,1.246945463421289,train
Chinese Taipei,2012,1.0,1.4679458141326904,0.1751893207539399,2.0,5.014072227478027,1.070305359385506,train
Chinese Taipei,2016,1.0,1.3410008668899536,0.1117313171054326,3.0,4.597803783416748,0.8507691805213617,train
Chinese Taipei,2020,2.0,1.215229296684265,0.13832128975208693,12.0,4.193423557281494,0.9305421066579229,val
Chinese Taipei,2024,2.0,1.9200894594192506,0.300959749815652,7.0,6.42225456237793,1.499036063893431,val
Colombia,1964,0.0,0.6206924676895141,0.16948130963684352,0.0,2.2302955627441405,0.8996627944026236,train
Colombia,1968,0.0,0.6206924676895141,0.16948130963684352,0.0,2.2302955627441405,0.8996627944026236,train
Colombia,1972,0.0,0.6206924676895141,0.16948130963684352,3.0,2.2302955627441405,0.8996627944026236,train
Colombia,1976,0.0,0.763663935661316,0.20103772114811516,0.0,2.7169331550598144,1.0173560760256037,train
Colombia,1980,0.0,0.7230955362319946,0.1775823565396344,0.0,2.5819607734680177,0.9354899340930359,train
Colombia,1984,0.0,0.6948657751083374,0.16578815103579772,1.0,2.4859005928039553,0.8924748526993089,train
Colombia,1988,0.0,0.6676949024200439,0.1798028624525253,1.0,2.3903839111328127,0.9376466183522708,train
Colombia,1992,0.0,0.7015465259552002,0.1823306339789058,1.0,2.506655788421631,0.9495006974017732,train
Colombia,1996,0.0,0.7262634754180908,0.18093037222940378,0.0,2.5918365478515626,0.9471471928457222,train
Colombia,2000,1.0,0.6788471698760986,0.17066254465815697,1.0,2.4303449630737304,0.9084849222595961,train
Colombia,2004,0.0,0.8096150875091552,0.1629371437578559,2.0,2.8640886306762696,0.9452855360158181,train
Colombia,2008,0.0,0.8210357666015625,0.16514289126349818,3.0,2.906629276275635,0.9402534322782222,train
Colombia,2012,1.0,0.9115314245223999,0.17566842808778504,9.0,3.211737632751465,0.9705025219877934,train
Colombia,2016,3.0,1.406675100326538,0.3009952433482647,8.0,4.824438762664795,1.4214985058740282,train
Colombia,2020,0.0,2.0781301498413085,0.31041096273720215,5.0,6.920756721496582,1.5440961789039287,val
Colombia,2024,0.0,1.8497251749038697,0.17226679537098485,4.0,6.236779403686524,1.0711187136699953,val
Croatia,1964,0.0,0.6206924676895141,0.16948130963684352,0.0,2.2302955627441405,0.8996627944026236,train
Croatia,1968,0.0,0.6206924676895141,0.16948130963684352,0.0,2.2302955627441405,0.8996627944026236,train
Croatia,1972,0.0,0.6206924676895141,0.16948130963684352,0.0,2.2302955627441405,0.8996627944026236,train
Croatia,1976,0.0,0.6206924676895141,0.16948130963684352,0.0,2.2302955627441405,0.8996627944026236,train
Croatia,1980,0.0,0.6206924676895141,0.16948130963684352,0.0,2.2302955627441405,0.8996627944026236,train
Croatia,1984,0.0,0.6206924676895141,0.16948130963684352,0.0,2.2302955627441405,0.8996627944026236,train
Croatia,1988,0.0,0.6206924676895141,0.16948130963684352,0.0,2.2302955627441405,0.8996627944026236,train
Croatia,1992,0.0,0.6206924676895141,0.16948130963684352,3.0,2.2302955627441405,0.8996627944026236,train
Croatia,1996,1.0,0.763663935661316,0.20103772114811516,2.0,2.7169331550598144,1.0173560760256037,train
Croatia,2000,1.0,0.943914246559143,0.18589359188767104,2.0,3.313386821746826,1.026693171215544,train
Croatia,2004,1.0,1.0696413278579713,0.15384348025793196,5.0,3.72333402633667,0.9594748994565602,train
Croatia,2008,0.0,1.269158625602722,0.1651375414430538,5.0,4.365730094909668,1.025376384054971,train
Croatia,2012,3.0,1.2561548471450805,0.19002586209332842,6.0,4.34178466796875,1.0660543971616006,train
Croatia,2016,5.0,1.7842688798904418,0.2290286527039314,10.0,5.994733142852783,1.2729944060940575,train
Croatia,2020,3.0,2.725636053085327,0.2687233020119002,8.0,8.891000080108643,1.5518857285872731,val
Croatia,2024,2.0,3.008351039886475,0.16254142082663542,7.0,9.766432952880859,1.162413343806792,val
Cuba,1964,0.0,0.6206924676895141,0.16948130963684352,1.0,2.2302955627441405,0.8996627944026236,train
Cuba,1968,0.0,0.6676949024200439,0.1798028624525253,4.0,2.3903839111328127,0.9376466183522708,train
Cuba,1972,3.0,0.8490195989608764,0.2157220212018859,8.0,3.004132556915283,1.0738045194884296,train
Cuba,1976,6.0,1.6661470174789428,0.29441260736288744,13.0,5.618061923980713,1.4444179694067927,train
Cuba,1980,8.0,3.2133241176605223,0.3252008648232721,20.0,10.368720054626465,1.7611919106098712,train
Cuba,1984,0.0,5.413102149963379,0.290125472365584,0.0,16.71021423339844,1.3598534160297966,train
Cuba,1988,0.0,3.716255474090576,0.4095444792214183,0.0,11.924906349182129,1.0638810587542182,train
Cuba,1992,14.0,1.899265170097351,0.2717056975531091,31.0,6.365866661071777,0.6731306126969531,train
Cuba,1996,9.0,5.303811073303223,0.6230574452945582,25.0,16.26054401397705,2.3771767827963313,train
Cuba,2000,11.0,8.156639575958252,0.4011041445957456,29.0,24.352381896972656,1.2769493507667549,train
Cuba,2004,9.0,12.398328018188476,1.6804850080893177,27.0,35.765585327148436,3.6572943054715346,train
Cuba,2008,3.0,10.908766174316407,1.2648570024903738,30.0,31.81494598388672,2.741469380260956,train
Cuba,2012,5.0,9.767225074768067,1.1844000792244644,15.0,28.871639251708984,2.5464983900308136,train
Cuba,2016,5.0,7.235260391235352,0.6912287885744378,11.0,21.962997817993163,1.4973559489154353,train
Cuba,2020,7.0,5.30545654296875,0.3512748405847992,15.0,16.513618087768556,1.166671198946912,val
Cuba,2024,2.0,5.126540851593018,0.3742991712263907,9.0,15.926877975463867,1.2729263045210573,val
Czech Republic,1964,5.0,2.987895059585571,0.2011766339455832,14.0,9.715511131286622,1.0035024216557944,train
Czech Republic,1968,7.0,3.266764450073242,0.29391309462791537,13.0,10.546657752990722,1.6806805883535385,train
Czech Republic,1972,2.0,4.538662528991699,0.24336020871733544,8.0,14.239125633239746,1.3327187864617978,train
Czech Republic,1976,2.0,3.95841064453125,0.3371961656942863,8.0,12.622728157043458,1.1190307037084635,train
Czech Republic,1980,2.0,3.056254577636719,0.22225975276116375,14.0,9.937172508239746,0.9933843168107841,train
Czech Republic,1984,0.0,2.752060890197754,0.3034734415175483,0.0,9.03386468887329,1.6346610845620764,train
Czech Republic,1988,3.0,1.7769403457641602,0.14898170785045317,8.0,6.014596271514892,0.9339299454205685,train
Czech Republic,1992,4.0,2.1018781661987305,0.21615302396298064,7.0,6.994624137878418,1.247210039108168,train
Czech Republic,1996,4.0,2.2432271957397463,0.22431859174940558,11.0,7.39467134475708,1.3687565481906998,train
Czech Republic,2000,2.0,3.200602960586548,0.17874065994117566,8.0,10.348780632019043,1.2954736131489528,train
Czech Republic,2004,1.0,2.8897322177886964,0.16025123676694542,9.0,9.425124168395996,1.1123264646993933,train
Czech Republic,2008,3.0,2.525947618484497,0.16956343164801396,7.0,8.334622859954834,1.139752810491733,train
Czech Republic,2012,4.0,2.360853433609009,0.21736675640351433,11.0,7.802812385559082,1.320954351363528,train
Czech Republic,2016,1.0,2.9224525928497314,0.25343869351837695,10.0,9.52444543838501,1.5250619838773734,train
Czech Republic,2020,4.0,2.7522910118103026,0.17853079646254302,11.0,9.028103828430176,1.2425847204957525,val
Czech Republic,2024,3.0,3.221431827545166,0.21152674682490033,5.0,10.441107177734375,1.3988578581030626,val
Denmark,1964,2.0,1.7821454286575318,0.16129408043229027,6.0,5.991307926177979,1.0843051120014793,train
Denmark,1968,1.0,1.8375619888305663,0.18060168934241402,8.0,6.1633199691772464,1.1578901305348412,train
Denmark,1972,1.0,1.957232165336609,0.1859556886302479,1.0,6.5546472549438475,1.1646153014512362,train
Denmark,1976,1.0,1.502201247215271,0.1225091479700888,3.0,5.1229650497436525,0.8843568136260281,train
Denmark,1980,2.0,1.3026600360870362,0.13752028152883233,5.0,4.4813055992126465,0.9173444266767447,train
Denmark,1984,0.0,1.4272495746612548,0.16379411276233583,6.0,4.861903858184815,1.067848336380612,train
Denmark,1988,2.0,1.4398578643798827,0.17845190385544427,4.0,4.929012775421143,1.066240145922866,train
Denmark,1992,1.0,1.6108242988586425,0.16378805823011597,6.0,5.460117435455322,1.0610934550581996,train
Denmark,1996,4.0,1.580071258544922,0.20125008628234678,6.0,5.372620391845703,1.1626219650526914,train
Denmark,2000,2.0,2.1459183216094972,0.1732442250158601,6.0,7.099115180969238,1.1978197552026824,train
Denmark,2004,2.0,2.139407682418823,0.13826871406345845,8.0,7.0951793670654295,1.0816368995596333,train
Denmark,2008,2.0,2.2973752498626707,0.13473824599812753,7.0,7.588879871368408,1.048390650067025,train
Denmark,2012,2.0,2.1649258136749268,0.18179208091883983,9.0,7.191856861114502,1.1964054703092895,train
Denmark,2016,2.0,2.3333467483520507,0.20992389945672682,15.0,7.721817970275879,1.2977349075359812,train
Denmark,2020,3.0,2.8387872219085692,0.32505655548799745,11.0,9.301295185089112,1.7075723740079998,val
Denmark,2024,2.0,3.1686493873596193,0.2814806868183392,9.0,10.303693580627442,1.6125822592964738,val
Dominican Republic,1964,0.0,0.6206924676895141,0.16948130963684352,0.0,2.2302955627441405,0.8996627944026236,train
Dominican Republic,1968,0.0,0.6206924676895141,0.16948130963684352,0.0,2.2302955627441405,0.8996627944026236,train
Dominican Republic,1972,0.0,0.6206924676895141,0.16948130963684352,0.0,2.2302955627441405,0.8996627944026236,train
Dominican Republic,1976,0.0,0.6206924676895141,0.16948130963684352,0.0,2.2302955627441405,0.8996627944026236,train
Dominican Republic,1980,0.0,0.6206924676895141,0.16948130963684352,0.0,2.2302955627441405,0.8996627944026236,train
Dominican Republic,1984,0.0,0.6206924676895141,0.16948130963684352,1.0,2.2302955627441405,0.8996627944026236,train
Dominican Republic,1988,0.0,0.6676949024200439,0.1798028624525253,0.0,2.3903839111328127,0.9376466183522708,train
Dominican Republic,1992,0.0,0.6543103933334351,0.17200575097891496,0.0,2.345773696899414,0.9109589525521297,train
Dominican Republic,1996,0.0,0.645011568069458,0.1680881983458117,0.0,2.3141171455383303,0.8970605231605524,train
Dominican Republic,2000,0.0,0.6206924676895141,0.16948130963684352,0.0,2.2302955627441405,0.8996627944026236,train
Dominican Republic,2004,1.0,0.6206924676895141,0.16948130963684352,1.0,2.2302955627441405,0.8996627944026236,train
Dominican Republic,2008,1.0,0.7846160411834717,0.16441871517761913,2.0,2.7780320167541506,0.9481708872350961,train
Dominican Republic,2012,1.0,0.945416784286499,0.1513664117976656,2.0,3.3111395835876465,0.9518504229661124,train
Dominican Republic,2016,0.0,1.0678113937377929,0.12449996593448566,1.0,3.7109048843383787,0.8955514744124,train
Dominican Republic,2020,0.0,0.9137442111968994,0.12805952398883713,5.0,3.215657043457031,0.8448760847066675,val
Dominican Republic,2024,1.0,1.0085515975952148,0.1960945465477395,3.0,3.530863571166992,1.0414856855459291,val
Egypt,1964,0.0,0.7400304794311523,0.18883126834250494,0.0,2.637633800506592,0.9745556568465512,train
Egypt,1968,0.0,0.6884437322616577,0.17470677482356542,0.0,2.4629925727844237,0.9228991973352061,train
Egypt,1972,0.0,0.6697348594665528,0.16685500053196517,0.0,2.3993156433105467,0.8946617205006075,train
Egypt,1976,0.0,0.6206924676895141,0.16948130963684352,0.0,2.2302955627441405,0.8996627944026236,train
Egypt,1980,0.0,0.6206924676895141,0.16948130963684352,0.0,2.2302955627441405,0.8996627944026236,train
Egypt,1984,0.0,0.6206924676895141,0.16948130963684352,1.0,2.2302955627441405,0.8996627944026236,train
Egypt,1988,0.0,0.6676949024200439,0.1798028624525253,0.0,2.3903839111328127,0.9376466183522708,train
Egypt,1992,0.0,0.6543103933334351,0.17200575097891496,0.0,2.345773696899414,0.9109589525521297,train
Egypt,1996,0.0,0.645011568069458,0.1680881983458117,0.0,2.3141171455383303,0.8970605231605524,train
Egypt,2000,0.0,0.6206924676895141,0.16948130963684352,0.0,2.2302955627441405,0.8996627944026236,train
Egypt,2004,1.0,0.6206924676895141,0.16948130963684352,5.0,2.2302955627441405,0.8996627944026236,train
Egypt,2008,0.0,0.9928386688232422,0.2160903120817828,2.0,3.4687047958374024,1.1190135039987437,train
Egypt,2012,0.0,0.9722909450531005,0.17967947319054692,4.0,3.4140880584716795,0.9965174384069058,train
Egypt,2016,0.0,1.081844973564148,0.18766318029644669,3.0,3.776828575134277,1.0126711763696066,train
Egypt,2020,1.0,0.962033748626709,0.21393552150615608,6.0,3.3864882469177244,1.0758053887011734,val
Egypt,2024,1.0,1.285666823387146,0.24781745902614957,3.0,4.438600635528564,1.2419962380743768,val
Estonia,1964,0.0,0.6206924676895141,0.16948130963684352,0.0,2.2302955627441405,0.8996627944026236,train
Estonia,1968,0.0,0.6206924676895141,0.16948130963684352,0.0,2.2302955627441405,0.8996627944026236,train
Estonia,1972,0.0,0.6206924676895141,0.16948130963684352,0.0,2.2302955627441405,0.8996627944026236,train
Estonia,1976,0.0,0.6206924676895141,0.16948130963684352,0.0,2.2302955627441405,0.8996627944026236,train
Estonia,1980,0.0,0.6206924676895141,0.16948130963684352,0.0,2.2302955627441405,0.8996627944026236,train
Estonia,1984,0.0,0.6206924676895141,0.16948130963684352,0.0,2.2302955627441405,0.8996627944026236,train
Estonia,1988,0.0,0.6206924676895141,0.16948130963684352,0.0,2.2302955627441405,0.8996627944026236,train
Estonia,1992,1.0,0.6206924676895141,0.16948130963684352,2.0,2.2302955627441405,0.8996627944026236,train
Estonia,1996,0.0,0.8339934349060059,0.17544591933278264,0.0,2.944828987121582,0.986896445605969,train
Estonia,2000,1.0,0.7599761486053467,0.14815651705375302,3.0,2.699911689758301,0.8784309383090766,train
Estonia,2004,0.0,0.9923995494842529,0.15506970147427174,3.0,3.468057918548584,0.9538717275644305,train
Estonia,2008,1.0,0.9465576887130738,0.18308445274396648,2.0,3.3266902923583985,1.0073577818840167,train
Estonia,2012,0.0,1.0848927736282348,0.15497889059549408,2.0,3.77530574798584,0.9516196231087045,train
Estonia,2016,0.0,0.9384042263031006,0.16559691580701746,1.0,3.302931785583496,0.946380694000218,train
Estonia,2020,1.0,0.8373412370681763,0.1537186628422972,2.0,2.965682029724121,0.889811920941621,val
Estonia,2024,0.0,0.9228207111358643,0.17685942539371924,0.0,3.2439267158508303,0.9952566402144735,val
Ethiopia,1964,1.0,0.7846160411834717,0.16441871517761913,1.0,2.7780320167541506,0.9481708872350961,train
Ethiopia,1968,1.0,0.8936330556869507,0.14006744039028937,2.0,3.139597511291504,0.9146866311454667,train
Ethiopia,1972,0.0,1.0280970573425292,0.12113169872477231,2.0,3.5797801971435548,0.8845437972625511,train
Ethiopia,1976,0.0,0.9372384309768677,0.1383619250556372,0.0,3.2921335220336916,0.8832759782338794,train
Ethiopia,1980,2.0,0.7889622688293457,0.14432980411152388,4.0,2.8013227462768553,0.8534909349065221,train
Ethiopia,1984,0.0,1.1291003704071045,0.19335485441322212,0.0,3.9058566093444824,1.0875401464154446,train
Ethiopia,1988,0.0,0.9104440689086915,0.12846317039635946,0.0,3.2030116081237794,0.8583313046926924,train
Ethiopia,1992,1.0,0.8254945755004883,0.11475202886111051,3.0,2.9191783905029296,0.7705736229044098,train
Ethiopia,1996,2.0,0.885322380065918,0.18787082526475812,3.0,3.1152231216430666,1.028248767706377,train
Ethiopia,2000,4.0,1.2173678636550904,0.1657297867580745,8.0,4.18875207901001,1.041020474740296,train
Ethiopia,2004,2.0,2.1263706207275392,0.19589087318470003,7.0,7.028787231445312,1.2694068091606874,train
Ethiopia,2008,4.0,2.280276966094971,0.13682791342803002,7.0,7.527831172943115,1.1017415774222907,train
Ethiopia,2012,3.0,2.732253360748291,0.146033099857962,8.0,8.9176607131958,1.1136872235463045,train
Ethiopia,2016,1.0,2.6429169178009033,0.15347110264020383,8.0,8.650253295898438,1.183900045522907,train
Ethiopia,2020,1.0,2.3978291511535645,0.14032693554892456,4.0,7.9157209396362305,1.0267355788770829,val
Ethiopia,2024,1.0,1.8443711519241333,0.14116067842219368,4.0,6.207465362548828,0.9707582164315626,val
Finland,1964,3.0,3.971929979324341,0.18078667776370103,5.0,12.568329811096191,0.8230295777806376,train
Finland,1968,1.0,2.378726291656494,0.17050265353349792,4.0,7.826855182647705,1.1314512250189603,train
Finland,1972,3.0,1.6308807134628296,0.12748092041183,8.0,5.505834674835205,0.9756290990694011,train
Finland,1976,4.0,2.124734878540039,0.1638201709557681,6.0,7.039233589172364,1.1560156267999422,train
Finland,1980,3.0,2.4048169612884522,0.1707738605912507,8.0,7.903498363494873,1.2381576421354852,train
Finland,1984,4.0,2.729507827758789,0.1413372589876292,12.0,8.923104858398437,1.0830007733441438,train
Finland,1988,1.0,3.2195639610290527,0.17557519082256712,4.0,10.422366905212403,1.2921763316478225,train
Finland,1992,1.0,2.448882246017456,0.13260194705809597,5.0,8.107596492767334,0.9285861729902045,train
Finland,1996,1.0,1.9824405193328858,0.11797147394745609,4.0,6.676407814025879,0.8102903402651344,train
Finland,2000,2.0,1.4442541360855103,0.14648136195701772,4.0,4.978783512115479,0.9430477142883511,train
Finland,2004,0.0,1.590448546409607,0.13013226371075784,2.0,5.439524936676025,0.9374715903719463,train
Finland,2008,1.0,1.2512964487075806,0.09411357388441449,4.0,4.376989459991455,0.7249981259665993,train
Finland,2012,0.0,1.3136526584625243,0.1108217057439453,3.0,4.583899784088135,0.7967133012242013,train
Finland,2016,0.0,1.1178634881973266,0.15131860770370573,1.0,3.9804012298583986,0.8486289819280205,train
Finland,2020,0.0,1.0153614044189454,0.11797609300529115,2.0,3.6630233764648437,0.7020597640378393,val
Finland,2024,0.0,0.9191701889038086,0.149687200131789,0.0,3.3606332778930663,0.7690944071826384,val
France,1964,1.0,3.567201852798462,0.3421715283267282,15.0,11.937542724609376,0.47167381477052367,train
France,1968,7.0,2.983555793762207,0.0984736163463418,15.0,10.198410987854004,0.9162826710799401,train
France,1972,2.0,4.043080139160156,0.2441840236065199,13.0,13.364491081237793,1.5223862676615953,train
France,1976,2.0,4.357864761352539,0.1949728375361778,9.0,14.39638729095459,0.7291985985587225,train
France,1980,6.0,3.8865864753723143,0.30632226307001936,14.0,13.013333702087403,0.4138880800292152,train
France,1984,5.0,4.132691383361816,0.13933053931115605,28.0,13.72221794128418,0.9705324096647509,train
France,1988,6.0,5.77668981552124,0.20416161590113027,16.0,18.516725540161133,0.9587993441027458,train
France,1992,8.0,6.706239986419678,0.5891110753583447,29.0,21.19623374938965,0.9473415160433653,train
France,1996,15.0,8.362253093719483,0.7050561788727246,37.0,25.785298919677736,1.2450792481086148,train
France,2000,13.0,11.650205039978028,0.9426361206673365,38.0,34.36078109741211,1.7905282973399466,train
France,2004,11.0,15.27064552307129,1.6197743969297973,33.0,43.87161102294922,3.1097433668310215,train
France,2008,7.0,16.382440948486327,2.1399691217592953,43.0,46.79834671020508,4.273601268506048,train
France,2012,11.0,14.803623390197753,1.8184858290876997,35.0,42.7730224609375,3.548622225261791,train
France,2016,10.0,14.066405296325684,1.479642333533005,42.0,40.79465103149414,2.7928278440677583,train
France,2020,10.0,15.988956642150878,0.672272361360588,33.0,45.601637268066405,1.9843003956711782,val
France,2024,16.0,16.726316070556642,1.2110759301781253,64.0,47.25516204833984,3.2381601051787325,val
Georgia,1964,0.0,0.6206924676895141,0.16948130963684352,0.0,2.2302955627441405,0.8996627944026236,train
Georgia,1968,0.0,0.6206924676895141,0.16948130963684352,0.0,2.2302955627441405,0.8996627944026236,train
Georgia,1972,0.0,0.6206924676895141,0.16948130963684352,0.0,2.2302955627441405,0.8996627944026236,train
Georgia,1976,0.0,0.6206924676895141,0.16948130963684352,0.0,2.2302955627441405,0.8996627944026236,train
Georgia,1980,0.0,0.6206924676895141,0.16948130963684352,0.0,2.2302955627441405,0.8996627944026236,train
Georgia,1984,0.0,0.6206924676895141,0.16948130963684352,0.0,2.2302955627441405,0.8996627944026236,train
Georgia,1988,0.0,0.6206924676895141,0.16948130963684352,0.0,2.2302955627441405,0.8996627944026236,train
Georgia,1992,0.0,0.6206924676895141,0.16948130963684352,0.0,2.2302955627441405,0.8996627944026236,train
Georgia,1996,0.0,0.6206924676895141,0.16948130963684352,2.0,2.2302955627441405,0.8996627944026236,train
Georgia,2000,0.0,0.7153530836105346,0.19032908262914083,6.0,2.5526006698608397,0.9769118706903855,train
Georgia,2004,2.0,0.9925600528717041,0.2488510696701126,4.0,3.480965995788574,1.1909574305937558,train
Georgia,2008,3.0,1.378827977180481,0.22883589321814596,7.0,4.725967311859131,1.2156257245560134,train
Georgia,2012,1.0,1.971828866004944,0.2225187006025982,6.0,6.5754741668701175,1.291508692726998,train
Georgia,2016,2.0,1.9085927248001098,0.13640443167116595,7.0,6.390068054199219,1.0254449789102036,train
Georgia,2020,2.0,2.068564224243164,0.16297828962794547,8.0,6.890603160858154,1.1136869514088616,val
Georgia,2024,3.0,2.1004158735275267,0.22707624329560824,7.0,6.994924259185791,1.3152537194218177,val
Germany,1964,10.0,10.334926414489747,0.21900647426990397,50.0,31.545875549316406,0.7576531838442012,train
Germany,1968,14.0,15.91045265197754,0.5313935053076905,51.0,46.08746337890625,2.0223262987839585,train
Germany,1972,33.0,20.883619689941405,1.0611836728494928,106.0,58.49537353515625,3.059339586659535,train
Germany,1976,50.0,28.25792694091797,0.7548130277437483,129.0,76.99018859863281,2.538265275078694,train
Germany,1980,47.0,34.135111236572264,0.5510022212592015,126.0,91.99909057617188,2.59725123843989,train
Germany,1984,17.0,37.02583694458008,0.7205236864319798,59.0,99.55840148925782,2.9913069770332656,train
Germany,1988,48.0,35.588339233398436,0.5992984050632257,142.0,95.93669891357422,2.8867356862139095,train
Germany,1992,33.0,35.26745529174805,0.7388054351607536,82.0,94.94866027832032,2.865786776020935,train
Germany,1996,20.0,33.57077331542969,0.4875398221247292,65.0,90.50631713867188,2.54847139293924,train
Germany,2000,13.0,34.744895935058594,0.6111371206891086,56.0,93.64348602294922,2.7034165012329936,train
Germany,2004,13.0,29.243899536132812,1.1880079134546255,49.0,79.51004028320312,2.7814383918833934,train
Germany,2008,16.0,23.525448608398438,1.699610626411283,41.0,64.9550552368164,3.4523849137931166,train
Germany,2012,11.0,20.540556716918946,1.714040578147989,44.0,57.242340087890625,3.3801479858112673,train
Germany,2016,17.0,19.011289215087892,1.9111781799275331,42.0,53.34564895629883,3.806965442616807,train
Germany,2020,10.0,19.17796096801758,1.9767192880579008,37.0,53.701707458496095,3.9904474158428442,val
Germany,2024,12.0,17.54216957092285,1.8534383846748494,33.0,49.584757232666014,3.637864793883886,val
Ghana,1964,0.0,0.6676949024200439,0.1798028624525253,1.0,2.3903839111328127,0.9376466183522708,train
Ghana,1968,0.0,0.7015465259552002,0.1823306339789058,0.0,2.506655788421631,0.9495006974017732,train
Ghana,1972,0.0,0.6788471698760986,0.17066254465815697,1.0,2.4303449630737304,0.9084849222595961,train
Ghana,1976,0.0,0.6921931028366088,0.1783568057018936,0.0,2.4748106956481934,0.9351769426412799,train
Ghana,1980,0.0,0.6543103933334351,0.17200575097891496,0.0,2.345773696899414,0.9109589525521297,train
Ghana,1984,0.0,0.645011568069458,0.1680881983458117,0.0,2.3141171455383303,0.8970605231605524,train
Ghana,1988,0.0,0.6206924676895141,0.16948130963684352,0.0,2.2302955627441405,0.8996627944026236,train
Ghana,1992,0.0,0.6206924676895141,0.16948130963684352,1.0,2.2302955627441405,0.8996627944026236,train
Ghana,1996,0.0,0.6676949024200439,0.1798028624525253,0.0,2.3903839111328127,0.9376466183522708,train
Ghana,2000,0.0,0.6543103933334351,0.17200575097891496,0.0,2.345773696899414,0.9109589525521297,train
Ghana,2004,0.0,0.645011568069458,0.1680881983458117,0.0,2.3141171455383303,0.8970605231605524,train
Ghana,2008,0.0,0.6206924676895141,0.16948130963684352,0.0,2.2302955627441405,0.8996627944026236,train
Ghana,2012,0.0,0.6206924676895141,0.16948130963684352,0.0,2.2302955627441405,0.8996627944026236,train
Ghana,2016,0.0,0.6206924676895141,0.16948130963684352,0.0,2.2302955627441405,0.8996627944026236,train
Ghana,2020,0.0,0.6206924676895141,0.16948130963684352,1.0,2.2302955627441405,0.8996627944026236,val
Ghana,2024,0.0,0.6676949024200439,0.1798028624525253,0.0,2.3903839111328127,0.9376466183522708,val
Great Britain,1964,4.0,5.192181968688965,0.1292593015268061,18.0,16.972334480285646,1.0308759467795074,train
Great Britain,1968,5.0,5.932074642181396,0.37634294571467647,13.0,19.15153388977051,0.4607684616514403,train
Great Britain,1972,4.0,5.143352317810058,0.218244865955567,18.0,16.887505722045898,0.6639212471195565,train
Great Britain,1976,3.0,5.30373363494873,0.31503705886225664,13.0,17.37611083984375,0.49936824179334866,train
Great Britain,1980,5.0,4.73492021560669,0.26864069810066404,21.0,15.75769863128662,0.456728249395591,train
Great Britain,1984,5.0,5.447118663787842,0.2090960169885806,37.0,17.857805252075195,0.6481794423857229,train
Great Britain,1988,5.0,7.305516624450684,0.17790875709257534,24.0,23.11970329284668,0.8779503610306644,train
Great Britain,1992,5.0,8.32563066482544,0.5330863412312418,20.0,26.012335205078124,0.6268882747205267,train
Great Britain,1996,1.0,8.067297077178955,0.6768714505946455,15.0,25.33211898803711,0.8021923490707968,train
Great Britain,2000,11.0,5.490602111816406,0.3263032797917685,28.0,18.11892433166504,0.25291316553019,train
Great Britain,2004,9.0,7.480732154846192,0.3071108927457928,30.0,23.56588706970215,0.6065402689850271,train
Great Britain,2008,19.0,10.435785102844239,0.8346683603861207,51.0,31.483853149414063,2.8193634403020327,train
Great Britain,2012,29.0,18.431492233276366,1.1105769086867536,65.0,51.90301742553711,3.02762932791561,train
Great Britain,2016,27.0,25.20321273803711,0.44356560345802304,67.0,69.1221435546875,1.7264953664233738,train
Great Britain,2020,22.0,29.974976348876954,0.6880451847519341,64.0,81.48977813720703,2.1045551014153867,val
Great Britain,2024,14.0,30.73692626953125,1.1527558154017838,65.0,83.54484405517579,2.7137629700559036,val
Greece,1964,0.0,1.1846802949905395,0.13274017369476251,0.0,5.023220062255859,0.32686977275894985,train
Greece,1968,0.0,1.1134325981140136,0.1294387103119803,1.0,4.792068290710449,0.37456690209259097,train
Greece,1972,0.0,1.0912590742111206,0.14612496031920866,2.0,4.828589534759521,0.3938080835813058,train
Greece,1976,0.0,1.0817406177520752,0.1587041024318381,0.0,4.898005867004395,0.2873352219282003,train
Greece,1980,1.0,1.044750952720642,0.15868314264243302,3.0,4.775392818450928,0.36374164490806393,train
Greece,1984,0.0,1.2629544258117675,0.1607939380633094,2.0,5.507982444763184,0.27467204215315144,train
Greece,1988,0.0,1.197435975074768,0.1853708583775245,1.0,5.364569854736328,0.3707503427028228,train
Greece,1992,2.0,1.1415228605270387,0.21223636515990996,2.0,5.238733291625977,0.5146655712558755,train
Greece,1996,4.0,1.340429711341858,0.18411036621906554,8.0,5.836300182342529,0.36593443872414094,train
Greece,2000,4.0,2.952585315704346,0.6274793753893025,13.0,10.521768188476562,1.8821448823521187,train
Greece,2004,6.0,4.635942554473877,1.0657851526634283,16.0,15.261324501037597,3.0752780455837008,train
Greece,2008,0.0,6.352357673645019,0.5629771518757769,3.0,20.08921661376953,1.9532251927557527,train
Greece,2012,0.0,4.0155219554901125,0.46237992363604535,2.0,13.462851524353027,1.2269320120947391,train
Greece,2016,3.0,2.3333146810531615,0.5031978360970524,6.0,8.475042724609375,1.484128354825503,train
Greece,2020,2.0,1.8878647565841675,0.1398449612957935,4.0,7.127854919433593,0.5377586971793665,val
Greece,2024,1.0,2.0471274852752686,0.1027094289419712,8.0,7.619945335388183,0.41506996302245275,val
Hong Kong,1964,0.0,0.6206924676895141,0.16948130963684352,0.0,2.2302955627441405,0.8996627944026236,train
Hong Kong,1968,0.0,0.6206924676895141,0.16948130963684352,0.0,2.2302955627441405,0.8996627944026236,train
Hong Kong,1972,0.0,0.6206924676895141,0.16948130963684352,0.0,2.2302955627441405,0.8996627944026236,train
Hong Kong,1976,0.0,0.6206924676895141,0.16948130963684352,0.0,2.2302955627441405,0.8996627944026236,train
Hong Kong,1980,0.0,0.6206924676895141,0.16948130963684352,0.0,2.2302955627441405,0.8996627944026236,train
Hong Kong,1984,0.0,0.6206924676895141,0.16948130963684352,0.0,2.2302955627441405,0.8996627944026236,train
Hong Kong,1988,0.0,0.6206924676895141,0.16948130963684352,0.0,2.2302955627441405,0.8996627944026236,train
Hong Kong,1992,0.0,0.6206924676895141,0.16948130963684352,0.0,2.2302955627441405,0.8996627944026236,train
Hong Kong,1996,1.0,0.6206924676895141,0.16948130963684352,1.0,2.2302955627441405,0.8996627944026236,train
Hong Kong,2000,0.0,0.7846160411834717,0.16441871517761913,0.0,2.7780320167541506,0.9481708872350961,train
Hong Kong,2004,0.0,0.7248416185379029,0.14545758521943367,1.0,2.57936372756958,0.8675145975297976,train
Hong Kong,2008,0.0,0.7413732051849365,0.1497842091906032,0.0,2.6364068031311034,0.8714022803488954,train
Hong Kong,2012,0.0,0.6543103933334351,0.17200575097891496,1.0,2.345773696899414,0.9109589525521297,train
Hong Kong,2016,0.0,0.6921931028366088,0.1783568057018936,0.0,2.4748106956481934,0.9351769426412799,train
Hong Kong,2020,1.0,0.6543103933334351,0.17200575097891496,6.0,2.345773696899414,0.9109589525521297,val
Hong Kong,2024,2.0,1.0771242141723634,0.23189588158009164,4.0,3.745754051208496,1.1718423753427398,val
Hungary,1964,10.0,12.073623847961425,1.771439985292207,22.0,34.98227157592773,3.8085937129272485,train
Hungary,1968,10.0,8.845766353607178,0.978768617643055,32.0,26.285111236572266,2.1669088721889365,train
Hungary,1972,6.0,9.779368782043457,0.8754403212486093,35.0,28.77381591796875,1.9651763420556643,train
Hungary,1976,4.0,10.873910331726075,1.1669345770212634,22.0,31.779535675048827,2.5090820015212176,train
Hungary,1980,7.0,9.377243804931641,0.9876778759360044,32.0,27.845941162109376,2.0820845595140067,train
Hungary,1984,0.0,8.821043586730957,0.5737860693146453,0.0,26.318695068359375,1.3681490012066921,train
Hungary,1988,11.0,4.706885623931885,0.3325652327034799,23.0,14.851943588256836,1.0767228106020277,train
Hungary,1992,11.0,6.461825370788574,0.39176806310992485,30.0,19.67522773742676,1.1676348122075713,train
Hungary,1996,7.0,7.801406288146973,0.3249539569659762,21.0,23.356856536865234,1.3541717174394452,train
Hungary,2000,8.0,10.19078483581543,1.3917766105598521,17.0,29.905323791503907,3.0605132811229026,train
Hungary,2004,8.0,8.86739444732666,1.2220695690732089,17.0,26.35953254699707,2.6808315309084625,train
Hungary,2008,3.0,7.2394355773925785,0.8286059733307642,10.0,21.86779899597168,1.887952807557781,train
Hungary,2012,8.0,5.403050899505615,0.7005363703738734,18.0,16.754168891906737,1.6137939265909282,train
Hungary,2016,8.0,5.729891014099121,0.4948348325756217,15.0,17.62843132019043,1.3449217616697506,train
Hungary,2020,6.0,5.817426013946533,0.41308516114676325,20.0,17.85390510559082,1.327240869843828,val
Hungary,2024,6.0,6.821420383453369,0.7979599124517018,19.0,20.715874481201173,1.833346499603822,val
India,1964,1.0,0.8764367580413819,0.12582670401349894,1.0,3.0897162437438963,0.8352664088718628,train
India,1968,0.0,0.8968557357788086,0.13677123750264153,1.0,3.152567672729492,0.8924200296302099,train
India,1972,0.0,0.7978782415390014,0.15388461442074836,1.0,2.829006290435791,0.9002198346647821,train
India,1976,0.0,0.775917649269104,0.15217641584350097,0.0,2.7549912452697756,0.8815930535666776,train
India,1980,1.0,0.6788471698760986,0.17066254465815697,1.0,2.4303449630737304,0.9084849222595961,train
India,1984,0.0,0.8096150875091552,0.1629371437578559,0.0,2.8640886306762696,0.9452855360158181,train
India,1988,0.0,0.7248416185379029,0.14545758521943367,0.0,2.57936372756958,0.8675145975297976,train
India,1992,0.0,0.6938234806060791,0.14020308121268288,0.0,2.4745019912719726,0.836497773883686,train
India,1996,0.0,0.6206924676895141,0.16948130963684352,1.0,2.2302955627441405,0.8996627944026236,train
India,2000,0.0,0.6676949024200439,0.1798028624525253,1.0,2.3903839111328127,0.9376466183522708,train
India,2004,0.0,0.7015465259552002,0.1823306339789058,1.0,2.506655788421631,0.9495006974017732,train
India,2008,1.0,0.7262634754180908,0.18093037222940378,3.0,2.5918365478515626,0.9471471928457222,train
India,2012,0.0,0.9485417604446411,0.19012630043797812,6.0,3.327346134185791,1.0395255189337846,train
India,2016,0.0,1.1413926362991333,0.22641388268162246,2.0,3.9670491218566895,1.1575797893727477,train
India,2020,1.0,1.0736459016799926,0.18004324271730532,7.0,3.752132034301758,0.9864136813156033,val
India,2024,0.0,1.3670361518859864,0.26108093746486455,6.0,4.702260875701905,1.2880751760363063,val
Indonesia,1964,0.0,0.6206924676895141,0.16948130963684352,0.0,2.2302955627441405,0.8996627944026236,train
Indonesia,1968,0.0,0.6206924676895141,0.16948130963684352,0.0,2.2302955627441405,0.8996627944026236,train
Indonesia,1972,0.0,0.6206924676895141,0.16948130963684352,0.0,2.2302955627441405,0.8996627944026236,train
Indonesia,1976,0.0,0.6206924676895141,0.16948130963684352,0.0,2.2302955627441405,0.8996627944026236,train
Indonesia,1980,0.0,0.6206924676895141,0.16948130963684352,0.0,2.2302955627441405,0.8996627944026236,train
Indonesia,1984,0.0,0.6206924676895141,0.16948130963684352,0.0,2.2302955627441405,0.8996627944026236,train
Indonesia,1988,0.0,0.6206924676895141,0.16948130963684352,1.0,2.2302955627441405,0.8996627944026236,train
Indonesia,1992,2.0,0.6676949024200439,0.1798028624525253,5.0,2.3903839111328127,0.9376466183522708,train
Indonesia,1996,1.0,1.1687958240509033,0.21512944612482265,4.0,4.034504699707031,1.1573019593935188,train
Indonesia,2000,1.0,1.337946367263794,0.17158867403439415,6.0,4.589792919158936,1.059759632498857,train
Indonesia,2004,1.0,1.585315752029419,0.1602508164972042,4.0,5.383838272094726,1.046583821462436,train
Indonesia,2008,1.0,1.4501643180847168,0.17520174134729805,6.0,4.959193897247315,1.0607137198334942,train
Indonesia,2012,0.0,1.5502894639968872,0.19467997257800837,3.0,5.280620288848877,1.132673138984173,train
Indonesia,2016,1.0,1.2474450826644898,0.16924707720612472,3.0,4.317616653442383,0.988099912994259,train
Indonesia,2020,1.0,1.2339637756347657,0.17110730962955584,5.0,4.267097854614258,1.0011184474349015,val
Indonesia,2024,2.0,1.2821581602096557,0.20312878081609767,3.0,4.417611885070801,1.1254740959340759,val
Iran,1964,0.0,1.388222908973694,0.1845248914495031,2.0,4.774945259094238,1.0536461245287823,train
Iran,1968,2.0,1.1128758192062378,0.14316124432084631,5.0,3.8767865180969237,0.8773112503009417,train
Iran,1972,0.0,1.328871774673462,0.22049553235310537,3.0,4.562211322784424,1.1848058079916586,train
Iran,1976,0.0,1.1706551551818847,0.16703266616555915,2.0,4.060041809082032,0.9912552560610045,train
Iran,1980,0.0,1.0720415115356445,0.13911906773003427,0.0,3.742016315460205,0.8638862199745675,train
Iran,1984,0.0,0.7639545679092408,0.1713163806599464,0.0,2.723200035095215,0.9164949888549011,train
Iran,1988,0.0,0.6697348594665528,0.16685500053196517,1.0,2.3993156433105467,0.8946617205006075,train
Iran,1992,0.0,0.6676949024200439,0.1798028624525253,3.0,2.3903839111328127,0.9376466183522708,train
Iran,1996,1.0,0.798159408569336,0.2035168506994664,3.0,2.834998607635498,1.0302266676886107,train
Iran,2000,3.0,1.0260377407073975,0.20018862297050785,4.0,3.5835687637329103,1.0726028780210586,train
Iran,2004,2.0,1.5207244396209716,0.17779971752232315,6.0,5.154139137268066,1.1249642472984074,train
Iran,2008,1.0,1.8070120096206665,0.13888951312708395,2.0,6.053487873077392,1.0597823913069027,train
Iran,2012,7.0,1.5701400518417359,0.09618182806039975,13.0,5.317290306091309,0.7986214859104676,train
Iran,2016,3.0,3.0897313594818114,0.2874054697813582,8.0,9.977318382263183,1.6326964686445269,train
Iran,2020,3.0,3.105870485305786,0.1735123015586115,7.0,10.056975364685059,1.2919061159412617,val
Iran,2024,3.0,3.3182395935058593,0.2816682289550152,12.0,10.710765266418457,1.0375875319063215,val
Ireland,1964,0.0,0.8963501930236817,0.15659038045370355,1.0,3.164164352416992,0.9134498810564227,train
Ireland,1968,0.0,0.8469806909561157,0.14669144904082296,0.0,2.999409294128418,0.8611899714996232,train
Ireland,1972,0.0,0.6543103933334351,0.17200575097891496,0.0,2.345773696899414,0.9109589525521297,train
Ireland,1976,0.0,0.645011568069458,0.1680881983458117,0.0,2.3141171455383303,0.8970605231605524,train
Ireland,1980,0.0,0.6206924676895141,0.16948130963684352,2.0,2.2302955627441405,0.8996627944026236,train
Ireland,1984,0.0,0.7153530836105346,0.19032908262914083,1.0,2.5526006698608397,0.9769118706903855,train
Ireland,1988,0.0,0.7359162092208862,0.18502988726767403,0.0,2.6246771812438965,0.9619783997576766,train
Ireland,1992,1.0,0.7037919998168946,0.16948013572127607,2.0,2.516306209564209,0.9062177913601498,train
Ireland,1996,3.0,0.859855341911316,0.17441827631532014,4.0,3.0322765350341796,0.9847669542846914,train
Ireland,2000,0.0,1.3807001113891602,0.1703196766054022,1.0,4.7007828712463375,1.097186422373026,train
Ireland,2004,0.0,1.1658040285110474,0.09447273681073524,0.0,4.032407474517822,0.7857847531640841,train
Ireland,2008,0.0,0.9196813821792602,0.10111580607859103,3.0,3.2304827690124513,0.7242528307781925,train
Ireland,2012,1.0,0.7885205745697021,0.19948918849200453,6.0,2.8025712966918945,1.0150947097269294,train
Ireland,2016,0.0,1.1674968481063843,0.24812905400628535,2.0,4.045564842224121,1.232989699602203,train
Ireland,2020,2.0,1.1005627155303954,0.18519372246516277,4.0,3.8391647338867188,1.014654473118611,val
Ireland,2024,4.0,1.3949645519256593,0.17306815924277377,7.0,4.772309875488281,1.0546646371418906,val
Israel,1964,0.0,0.6206924676895141,0.16948130963684352,0.0,2.2302955627441405,0.8996627944026236,train
Israel,1968,0.0,0.6206924676895141,0.16948130963684352,0.0,2.2302955627441405,0.8996627944026236,train
Israel,1972,0.0,0.6206924676895141,0.16948130963684352,0.0,2.2302955627441405,0.8996627944026236,train
Israel,1976,0.0,0.6206924676895141,0.16948130963684352,0.0,2.2302955627441405,0.8996627944026236,train
Israel,1980,0.0,0.6206924676895141,0.16948130963684352,0.0,2.2302955627441405,0.8996627944026236,train
Israel,1984,0.0,0.6206924676895141,0.16948130963684352,0.0,2.2302955627441405,0.8996627944026236,train
Israel,1988,0.0,0.6206924676895141,0.16948130963684352,0.0,2.2302955627441405,0.8996627944026236,train
Israel,1992,0.0,0.6206924676895141,0.16948130963684352,2.0,2.2302955627441405,0.8996627944026236,train
Israel,1996,0.0,0.7153530836105346,0.19032908262914083,1.0,2.5526006698608397,0.9769118706903855,train
Israel,2000,0.0,0.7359162092208862,0.18502988726767403,1.0,2.6246771812438965,0.9619783997576766,train
Israel,2004,1.0,0.7513907670974731,0.17968342886581956,2.0,2.678414058685303,0.9450004915808743,train
Israel,2008,0.0,0.8960626125335693,0.17777444147829322,1.0,3.153776836395264,0.9973729729635163,train
Israel,2012,0.0,0.8336372613906861,0.15657720838254102,0.0,2.9513444900512695,0.9119469248802974,train
Israel,2016,0.0,0.753896975517273,0.14168717056702457,2.0,2.680972385406494,0.8431571533693185,train
Israel,2020,2.0,0.7400304794311523,0.18883126834250494,4.0,2.637633800506592,0.9745556568465512,val
Israel,2024,1.0,1.1510451555252075,0.20405962097932018,7.0,3.9776257514953612,1.123070811851521,val
Italy,1964,10.0,13.443919372558593,0.8397115691200945,27.0,38.46981582641602,2.345863858546226,train
Italy,1968,3.0,13.426119613647462,0.848655093396897,16.0,38.64498443603516,2.067136934989501,train
Italy,1972,5.0,10.412099075317382,1.5496761204909724,18.0,30.818372344970705,3.3965368718271205,train
Italy,1976,2.0,6.669382572174072,0.7651173455308913,13.0,20.63908805847168,1.5685820639419974,train
Italy,1980,8.0,4.377102947235107,0.18189785067321645,15.0,14.140440368652344,0.9875745886663527,train
Italy,1984,14.0,5.31983060836792,0.3104178384617976,32.0,16.772458648681642,1.008719345752472,train
Italy,1988,6.0,8.667164611816407,0.47781897061281253,14.0,25.948553466796874,1.252151545690795,train
Italy,1992,6.0,9.066391086578369,1.2721850775724728,19.0,27.120184326171874,2.7367228849041125,train
Italy,1996,13.0,8.664021968841553,1.4157555397465096,35.0,26.09376754760742,3.0415824985836113,train
Italy,2000,13.0,9.310050010681152,0.6524643522809264,34.0,27.70431900024414,1.5030089139491005,train
Italy,2004,10.0,12.654161071777343,1.1629761698700976,32.0,36.60996704101562,2.382538859937225,train
Italy,2008,8.0,14.704929161071778,1.8854810088834608,27.0,42.05526962280273,3.925796658406701,train
Italy,2012,8.0,12.62221164703369,1.7014888963564754,28.0,36.626547241210936,3.5947163688288812,train
Italy,2016,8.0,10.815419769287109,1.2935662211555818,28.0,31.82678985595703,2.7039285695408664,train
Italy,2020,10.0,10.042928123474121,1.063418591600165,40.0,29.75774154663086,2.2273032907136834,val
Italy,2024,12.0,11.730787658691407,1.061633769017467,40.0,34.2398193359375,2.1645232576914424,val
Jamaica,1964,0.0,0.853395962715149,0.11524380906958355,0.0,3.0147448539733888,0.7671892350319687,train
Jamaica,1968,0.0,0.6206924676895141,0.16948130963684352,1.0,2.2302955627441405,0.8996627944026236,train
Jamaica,1972,0.0,0.6676949024200439,0.1798028624525253,1.0,2.3903839111328127,0.9376466183522708,train
Jamaica,1976,1.0,0.7015465259552002,0.1823306339789058,2.0,2.506655788421631,0.9495006974017732,train
Jamaica,1980,0.0,0.8960626125335693,0.17777444147829322,3.0,3.153776836395264,0.9973729729635163,train
Jamaica,1984,0.0,0.9354030847549438,0.1784281265921783,3.0,3.2899691581726076,0.9908842097862277,train
Jamaica,1988,0.0,0.9775906562805176,0.17853768267001982,2.0,3.4326821327209474,0.982434445593479,train
Jamaica,1992,0.0,0.8991005659103394,0.19630535872473104,4.0,3.1783888816833494,1.0126481153103395,train
Jamaica,1996,1.0,0.9662621974945068,0.21780283702520245,6.0,3.399109935760498,1.0882649045966044,train
Jamaica,2000,0.0,1.2666879415512085,0.2534075713001483,9.0,4.3755134582519535,1.2594939042092395,train
Jamaica,2004,2.0,1.5454216718673706,0.2987216003973078,5.0,5.28480978012085,1.4255691578267333,train
Jamaica,2008,5.0,1.786590003967285,0.24383008867395917,11.0,6.027210235595703,1.2948605266534292,train
Jamaica,2012,4.0,2.7897433280944823,0.3128240732958447,13.0,9.106448459625245,1.6669255083977765,train
Jamaica,2016,6.0,3.496732234954834,0.20591761927880597,11.0,11.24134178161621,1.4460623521298819,train
Jamaica,2020,4.0,4.348675298690796,0.27780512080107467,9.0,13.715114974975586,1.2334334403267893,val
Jamaica,2024,1.0,3.957382822036743,0.2737264435531211,6.0,12.596602821350098,1.169179473117131,val
Japan,1964,16.0,6.340417671203613,2.4222211041728645,29.0,18.855782127380373,6.468791596152833,train
Japan,1968,11.0,11.144478607177735,0.7351068014701997,25.0,33.062251281738284,2.1817588536531987,train
Japan,1972,13.0,12.22356071472168,0.8419158904891356,29.0,35.97727813720703,1.877813948793067,train
Japan,1976,9.0,14.45187873840332,2.1968790179484174,25.0,41.70510711669922,4.762098026234947,train
Japan,1980,0.0,12.010594940185547,1.7570615542381773,0.0,35.294412994384764,3.665574916472866,train
Japan,1984,10.0,6.971306419372558,1.3128688524809717,32.0,21.811861038208008,2.6741023161339457,train
Japan,1988,4.0,7.152448272705078,0.4541572121493875,14.0,22.182671356201173,0.8976576403537788,train
Japan,1992,3.0,5.665513610839843,0.21746979016438728,22.0,18.027126693725585,0.9383389516911127,train
Japan,1996,3.0,7.133682632446289,0.8525359875257738,14.0,22.35150260925293,1.5289263066501684,train
Japan,2000,5.0,4.774533748626709,0.19534232623466474,18.0,15.610237884521485,0.7754145267235701,train
Japan,2004,16.0,5.283540725708008,0.22470963732465432,37.0,17.07265739440918,0.7744025687920509,train
Japan,2008,9.0,9.616812896728515,0.42481425342523316,25.0,28.840146636962892,1.0559045557230595,train
Japan,2012,7.0,11.621964454650879,1.2279598306766033,38.0,34.20274124145508,2.420078381721814,train
Japan,2016,12.0,14.857857513427735,0.9924941088418219,41.0,42.672393798828125,2.074728083318909,train
Japan,2020,27.0,15.336153602600097,1.4737608759025993,58.0,43.561224365234374,3.8962254380051413,val
Japan,2024,20.0,22.349954986572264,0.5468802495248383,45.0,61.659942626953125,1.9319379635652252,val
Kazakhstan,1964,0.0,0.6206924676895141,0.16948130963684352,0.0,2.2302955627441405,0.8996627944026236,train
Kazakhstan,1968,0.0,0.6206924676895141,0.16948130963684352,0.0,2.2302955627441405,0.8996627944026236,train
Kazakhstan,1972,0.0,0.6206924676895141,0.16948130963684352,0.0,2.2302955627441405,0.8996627944026236,train
Kazakhstan,1976,0.0,0.6206924676895141,0.16948130963684352,0.0,2.2302955627441405,0.8996627944026236,train
Kazakhstan,1980,0.0,0.6206924676895141,0.16948130963684352,0.0,2.2302955627441405,0.8996627944026236,train
Kazakhstan,1984,0.0,0.6206924676895141,0.16948130963684352,0.0,2.2302955627441405,0.8996627944026236,train
Kazakhstan,1988,0.0,0.6206924676895141,0.16948130963684352,0.0,2.2302955627441405,0.8996627944026236,train
Kazakhstan,1992,0.0,0.6206924676895141,0.16948130963684352,0.0,2.2302955627441405,0.8996627944026236,train
Kazakhstan,1996,3.0,0.6206924676895141,0.16948130963684352,11.0,2.2302955627441405,0.8996627944026236,train
Kazakhstan,2000,3.0,1.653851079940796,0.3281338176382628,7.0,5.5696587562561035,1.53697100243616,train
Kazakhstan,2004,1.0,2.2297951698303224,0.2498441330373179,8.0,7.375200176239014,1.4234684927325978,train
Kazakhstan,2008,2.0,2.4274587631225586,0.1570632266657827,9.0,8.021482944488525,1.096742773451209,train
Kazakhstan,2012,3.0,2.314643669128418,0.20767107822220482,11.0,7.665661907196045,1.2815432500479085,train
Kazakhstan,2016,2.0,2.6837056159973143,0.29847219739253844,17.0,8.811324977874756,1.6120187727551702,train
Kazakhstan,2020,0.0,3.320866346359253,0.30728813346429534,8.0,10.764272689819336,1.7054120103962334,val
Kazakhstan,2024,1.0,2.7133893966674805,0.24968305860077827,7.0,8.961311340332031,1.41922578872951,val
Kenya,1964,0.0,0.6206924676895141,0.16948130963684352,1.0,2.2302955627441405,0.8996627944026236,train
Kenya,1968,3.0,0.6676949024200439,0.1798028624525253,9.0,2.3903839111328127,0.9376466183522708,train
Kenya,1972,2.0,1.5652427673339844,0.29156566001032697,9.0,5.292510986328125,1.4276126425100115,train
Kenya,1976,0.0,2.1237041473388674,0.2694308232861469,0.0,7.059257984161377,1.4527062788903522,train
Kenya,1980,0.0,1.6354065656661987,0.12256720819381066,0.0,5.551405811309815,0.7528466145495875,train
Kenya,1984,1.0,0.9720009565353394,0.11849979145484585,3.0,3.4150511741638185,0.7557572863362123,train
Kenya,1988,5.0,0.885322380065918,0.18787082526475812,9.0,3.1152231216430666,1.028248767706377,train
Kenya,1992,2.0,2.088372755050659,0.28678742439780347,8.0,6.901214599609375,1.498077157214191,train
Kenya,1996,1.0,2.4479720115661623,0.16530597520829135,8.0,8.051278495788575,1.2164926538987502,train
Kenya,2000,2.0,2.4586164951324463,0.14822880743750608,7.0,8.11175889968872,1.0042096672957201,train
Kenya,2004,1.0,2.1319475889205934,0.21164632507724565,7.0,7.1015650749206545,1.2583436875706917,train
Kenya,2008,6.0,1.9416720628738404,0.21485226926164253,16.0,6.516980266571045,1.2332242741047867,train
Kenya,2012,2.0,3.439894676208496,0.33661133569322377,13.0,11.05922565460205,1.7901043486394952,train
Kenya,2016,6.0,3.563918924331665,0.23536178722071752,13.0,11.478303527832031,1.525852771108682,train
Kenya,2020,4.0,4.593822860717774,0.27400740977016835,10.0,14.445805549621582,1.207398242889842,val
Kenya,2024,4.0,3.9343758106231688,0.20698764947339,11.0,12.539690589904785,1.2800426728264898,val
Latvia,1964,0.0,0.6206924676895141,0.16948130963684352,0.0,2.2302955627441405,0.8996627944026236,train
Latvia,1968,0.0,0.6206924676895141,0.16948130963684352,0.0,2.2302955627441405,0.8996627944026236,train
Latvia,1972,0.0,0.6206924676895141,0.16948130963684352,0.0,2.2302955627441405,0.8996627944026236,train
Latvia,1976,0.0,0.6206924676895141,0.16948130963684352,0.0,2.2302955627441405,0.8996627944026236,train
Latvia,1980,0.0,0.6206924676895141,0.16948130963684352,0.0,2.2302955627441405,0.8996627944026236,train
Latvia,1984,0.0,0.6206924676895141,0.16948130963684352,0.0,2.2302955627441405,0.8996627944026236,train
Latvia,1988,0.0,0.6206924676895141,0.16948130963684352,0.0,2.2302955627441405,0.8996627944026236,train
Latvia,1992,0.0,0.6206924676895141,0.16948130963684352,3.0,2.2302955627441405,0.8996627944026236,train
Latvia,1996,0.0,0.763663935661316,0.20103772114811516,1.0,2.7169331550598144,1.0173560760256037,train
Latvia,2000,1.0,0.7708062410354615,0.18789807360461028,3.0,2.744453525543213,0.9750842235358924,train
Latvia,2004,0.0,1.004361891746521,0.18981658979906837,4.0,3.5135817527770996,1.0386530012462873,train
Latvia,2008,1.0,1.0287968158721923,0.19589784211097147,3.0,3.597280216217041,1.0512886846295053,train
Latvia,2012,1.0,1.1820574045181274,0.17435054436767175,2.0,4.093781566619873,1.0151578098064507,train
Latvia,2016,0.0,1.1404243230819702,0.1595020052609003,0.0,3.9563654899597167,0.9746189413074319,train
Latvia,2020,1.0,0.8914107084274292,0.11970653564825315,2.0,3.142001819610596,0.8086547037819343,val
Latvia,2024,0.0,0.9391484975814819,0.14409041621711977,0.0,3.2927953720092775,0.9157555760496773,val
Lithuania,1964,0.0,0.6206924676895141,0.16948130963684352,0.0,2.2302955627441405,0.8996627944026236,train
Lithuania,1968,0.0,0.6206924676895141,0.16948130963684352,0.0,2.2302955627441405,0.8996627944026236,train
Lithuania,1972,0.0,0.6206924676895141,0.16948130963684352,0.0,2.2302955627441405,0.8996627944026236,train
Lithuania,1976,0.0,0.6206924676895141,0.16948130963684352,0.0,2.2302955627441405,0.8996627944026236,train
Lithuania,1980,0.0,0.6206924676895141,0.16948130963684352,0.0,2.2302955627441405,0.8996627944026236,train
Lithuania,1984,0.0,0.6206924676895141,0.16948130963684352,0.0,2.2302955627441405,0.8996627944026236,train
Lithuania,1988,0.0,0.6206924676895141,0.16948130963684352,0.0,2.2302955627441405,0.8996627944026236,train
Lithuania,1992,1.0,0.6206924676895141,0.16948130963684352,2.0,2.2302955627441405,0.8996627944026236,train
Lithuania,1996,0.0,0.8339934349060059,0.17544591933278264,1.0,2.944828987121582,0.986896445605969,train
Lithuania,2000,2.0,0.8079472541809082,0.1579017361605035,5.0,2.863251781463623,0.9147278907890198,train
Lithuania,2004,1.0,1.2850829124450684,0.1808613572357132,3.0,4.409916400909424,1.080795712972487,train
Lithuania,2008,0.0,1.2794487953186036,0.15753851717383874,5.0,4.399905014038086,1.0101822576085413,train
Lithuania,2012,2.0,1.3297895431518554,0.15051407963640095,5.0,4.575054454803467,0.9491352981868117,train
Lithuania,2016,0.0,1.4894810438156127,0.20576750657911097,4.0,5.076149272918701,1.168203511301665,train
Lithuania,2020,0.0,1.3219427347183228,0.18187559573347842,1.0,4.557754135131836,1.0466164622285605,val
Lithuania,2024,0.0,1.0585167407989502,0.1332550136673767,4.0,3.698961925506592,0.838102731052613,val
Malaysia,1964,0.0,0.6206924676895141,0.16948130963684352,0.0,2.2302955627441405,0.8996627944026236,train
Malaysia,1968,0.0,0.6206924676895141,0.16948130963684352,0.0,2.2302955627441405,0.8996627944026236,train
Malaysia,1972,0.0,0.6206924676895141,0.16948130963684352,0.0,2.2302955627441405,0.8996627944026236,train
Malaysia,1976,0.0,0.6206924676895141,0.16948130963684352,0.0,2.2302955627441405,0.8996627944026236,train
Malaysia,1980,0.0,0.6206924676895141,0.16948130963684352,0.0,2.2302955627441405,0.8996627944026236,train
Malaysia,1984,0.0,0.6206924676895141,0.16948130963684352,0.0,2.2302955627441405,0.8996627944026236,train
Malaysia,1988,0.0,0.6206924676895141,0.16948130963684352,0.0,2.2302955627441405,0.8996627944026236,train
Malaysia,1992,0.0,0.6206924676895141,0.16948130963684352,1.0,2.2302955627441405,0.8996627944026236,train
Malaysia,1996,0.0,0.6676949024200439,0.1798028624525253,2.0,2.3903839111328127,0.9376466183522708,train
Malaysia,2000,0.0,0.7494386434555054,0.1928535356523141,0.0,2.669665050506592,0.9892643291759153,train
Malaysia,2004,0.0,0.713201355934143,0.17341279435786572,0.0,2.548324203491211,0.920553013632322,train
Malaysia,2008,0.0,0.6697348594665528,0.16685500053196517,1.0,2.3993156433105467,0.8946617205006075,train
Malaysia,2012,0.0,0.6676949024200439,0.1798028624525253,2.0,2.3903839111328127,0.9376466183522708,train
Malaysia,2016,0.0,0.7494386434555054,0.1928535356523141,5.0,2.669665050506592,0.9892643291759153,train
Malaysia,2020,0.0,0.9649189233779907,0.2326424600380495,2.0,3.3909082412719727,1.1365209808737995,val
Malaysia,2024,0.0,0.9480523586273193,0.20565628472426664,2.0,3.3417357444763183,1.046969297996923,val
Mexico,1964,0.0,1.8808285236358642,1.2146150100732198,1.0,5.743737411499024,3.315336568649428,train
Mexico,1968,3.0,2.5924733161926268,1.8839309266520001,9.0,7.517718029022217,4.684277662300329,train
Mexico,1972,0.0,3.3500563621521,0.7361043563676208,1.0,10.930075073242188,1.987914931525662,train
Mexico,1976,1.0,2.2106662511825563,0.3910476756044458,2.0,7.8484721183776855,1.2761550101164305,train
Mexico,1980,0.0,1.8942827701568603,0.37358098323435107,4.0,6.943732738494873,1.2381214368091598,train
Mexico,1984,2.0,1.3683829307556152,0.14101192564788323,6.0,5.502592754364014,0.37407142836033946,train
Mexico,1988,0.0,1.8569922685623168,0.13482298509464616,2.0,6.911995792388916,0.5694520900854837,train
Mexico,1992,0.0,1.6048304319381714,0.10927583114679942,1.0,6.1846307754516605,0.39472389743859987,train
Mexico,1996,0.0,1.392047905921936,0.10792627797992548,1.0,5.562601566314697,0.3729431009824674,train
Mexico,2000,1.0,1.119607400894165,0.1358114644093647,6.0,4.761077499389648,0.31521316713529557,train
Mexico,2004,0.0,1.4921853303909303,0.1655183547846367,4.0,5.919164085388184,0.4583177319929958,train
Mexico,2008,2.0,1.5260672569274902,0.15269328969696666,4.0,6.099173545837402,0.40389530290972886,train
Mexico,2012,1.0,1.8672567367553712,0.10761114748008695,8.0,7.051626873016358,0.44204266849417434,train
Mexico,2016,0.0,2.0225902557373048,0.13010408992317482,5.0,7.534785461425781,0.5665818481330415,train
Mexico,2020,0.0,1.907994270324707,0.10898323840970356,4.0,7.226479530334473,0.4170102582742536,val
Mexico,2024,0.0,1.6816076517105103,0.14200431815911366,5.0,6.565914916992187,0.45552306297637885,val
Moldova,1964,0.0,0.6206924676895141,0.16948130963684352,0.0,2.2302955627441405,0.8996627944026236,train
Moldova,1968,0.0,0.6206924676895141,0.16948130963684352,0.0,2.2302955627441405,0.8996627944026236,train
Moldova,1972,0.0,0.6206924676895141,0.16948130963684352,0.0,2.2302955627441405,0.8996627944026236,train
Moldova,1976,0.0,0.6206924676895141,0.16948130963684352,0.0,2.2302955627441405,0.8996627944026236,train
Moldova,1980,0.0,0.6206924676895141,0.16948130963684352,0.0,2.2302955627441405,0.8996627944026236,train
Moldova,1984,0.0,0.6206924676895141,0.16948130963684352,0.0,2.2302955627441405,0.8996627944026236,train
Moldova,1988,0.0,0.6206924676895141,0.16948130963684352,0.0,2.2302955627441405,0.8996627944026236,train
Moldova,1992,0.0,0.6206924676895141,0.16948130963684352,0.0,2.2302955627441405,0.8996627944026236,train
Moldova,1996,0.0,0.6206924676895141,0.16948130963684352,2.0,2.2302955627441405,0.8996627944026236,train
Moldova,2000,0.0,0.7153530836105346,0.19032908262914083,2.0,2.5526006698608397,0.9769118706903855,train
Moldova,2004,0.0,0.7840441226959228,0.19554459281009098,0.0,2.7884859085083007,1.0022208715648846,train
Moldova,2008,0.0,0.7383706331253052,0.17228035083739604,1.0,2.635056495666504,0.9184157740583113,train
Moldova,2012,0.0,0.7170975208282471,0.1770630675331396,0.0,2.5606220245361326,0.9329112547512323,train
Moldova,2016,0.0,0.6543103933334351,0.17200575097891496,0.0,2.345773696899414,0.9109589525521297,train
Moldova,2020,0.0,0.645011568069458,0.1680881983458117,1.0,2.3141171455383303,0.8970605231605524,val
Moldova,2024,0.0,0.6676949024200439,0.1798028624525253,4.0,2.3903839111328127,0.9376466183522708,val
Mongolia,1964,0.0,0.6206924676895141,0.16948130963684352,0.0,2.2302955627441405,0.8996627944026236,train
Mongolia,1968,0.0,0.6206924676895141,0.16948130963684352,4.0,2.2302955627441405,0.8996627944026236,train
Mongolia,1972,0.0,0.8133792400360107,0.21230025599769986,1.0,2.8842419624328612,1.059505819063843,train
Mongolia,1976,0.0,0.8063563346862793,0.19089605965499534,1.0,2.866155242919922,0.9888773463939908,train
Mongolia,1980,0.0,0.8028891086578369,0.17767599930681865,4.0,2.855799102783203,0.9413572110305235,train
Mongolia,1984,0.0,0.874960207939148,0.2146898585486723,0.0,3.091921901702881,1.072385891486853,train
Mongolia,1988,0.0,0.7834738492965698,0.17943134511611128,1.0,2.7895580291748048,0.9466354246285487,train
Mongolia,1992,0.0,0.7681398630142212,0.1749591997458698,2.0,2.7364383697509767,0.929021914424121,train
Mongolia,1996,0.0,0.7494386434555054,0.1928535356523141,1.0,2.669665050506592,0.9892643291759153,train
Mongolia,2000,0.0,0.7608550071716309,0.18367438842874095,0.0,2.7106206893920897,0.9597398656351706,train
Mongolia,2004,0.0,0.7037919998168946,0.16948013572127607,1.0,2.516306209564209,0.9062177913601498,train
Mongolia,2008,2.0,0.6921931028366088,0.1783568057018936,4.0,2.4748106956481934,0.9351769426412799,train
Mongolia,2012,0.0,1.1114312410354614,0.1988901800542708,5.0,3.8466560363769533,1.105041064848119,train
Mongolia,2016,0.0,1.2113019943237304,0.18939852059282136,2.0,4.191279029846191,1.0701339062497266,train
Mongolia,2020,0.0,1.1229655265808105,0.1469072998255026,4.0,3.9093307495117187,0.8926038627117785,val
Mongolia,2024,0.0,1.0241569519042968,0.2184462912708034,1.0,3.592313289642334,1.0917506313267555,val
Morocco,1964,0.0,0.6676949024200439,0.1798028624525253,0.0,2.3903839111328127,0.9376466183522708,train
Morocco,1968,0.0,0.6543103933334351,0.17200575097891496,0.0,2.345773696899414,0.9109589525521297,train
Morocco,1972,0.0,0.645011568069458,0.1680881983458117,0.0,2.3141171455383303,0.8970605231605524,train
Morocco,1976,0.0,0.6206924676895141,0.16948130963684352,0.0,2.2302955627441405,0.8996627944026236,train
Morocco,1980,0.0,0.6206924676895141,0.16948130963684352,0.0,2.2302955627441405,0.8996627944026236,train
Morocco,1984,2.0,0.6206924676895141,0.16948130963684352,2.0,2.2302955627441405,0.8996627944026236,train
Morocco,1988,1.0,0.9612799167633057,0.16344212601386612,3.0,3.35728063583374,0.9996272686531716,train
Morocco,1992,1.0,1.121843147277832,0.14165211589265478,3.0,3.883443832397461,0.9591213481212258,train
Morocco,1996,0.0,1.2571500539779663,0.11458143566638415,2.0,4.320955753326416,0.8783561634053043,train
Morocco,2000,0.0,1.034530758857727,0.14048040153584346,5.0,3.6155856132507322,0.88944447337373,train
Morocco,2004,2.0,1.0775981664657592,0.201331004040885,3.0,3.760084342956543,1.0610768652025944,train
Morocco,2008,0.0,1.2753772258758544,0.20451060731356224,2.0,4.390946006774902,1.1334787105799193,train
Morocco,2012,0.0,1.1214522838592529,0.14435250315855383,1.0,3.9010204315185546,0.9091072932737605,train
Morocco,2016,0.0,0.9198148727416993,0.1265361213608114,1.0,3.23793888092041,0.8218084033466176,train
Morocco,2020,1.0,0.7513907670974731,0.17968342886581956,1.0,2.678414058685303,0.9450004915808743,val
Morocco,2024,1.0,0.8448346376419067,0.16571591241413153,2.0,2.9838218688964844,0.9569626005348163,val
Netherlands,1964,2.0,1.1476096153259276,0.130079707692715,10.0,4.3271105766296385,0.5448495905373844,train
Netherlands,1968,3.0,1.8150231122970581,0.22567014215118888,7.0,6.464963340759278,1.014990842942536,train
Netherlands,1972,3.0,2.4215505599975584,0.12408849723465207,5.0,8.343391036987304,0.9182757962746798,train
Netherlands,1976,0.0,2.6824056625366213,0.10751589856232378,5.0,9.1222354888916,0.5539957215091995,train
Netherlands,1980,0.0,2.0576040744781494,0.09057275467975609,3.0,7.230200004577637,0.3239340737293255,train
Netherlands,1984,5.0,1.573659324645996,0.06276112161359239,13.0,5.7711223602294925,0.3467851871302188,train
Netherlands,1988,2.0,2.7155776977539063,0.24068882284106874,9.0,9.268327903747558,1.2924666208120241,train
Netherlands,1992,2.0,2.9441277980804443,0.08346318744818287,15.0,9.99887809753418,0.8847979165781662,train
Netherlands,1996,4.0,3.6962984561920167,0.13672015960990275,19.0,12.336216735839844,0.7322872231710258,train
Netherlands,2000,12.0,4.235414981842041,0.1697199292800369,25.0,13.909070014953613,1.3387550319645483,train
Netherlands,2004,4.0,7.322862434387207,0.3094255119400452,22.0,22.484268569946288,1.0612791658945733,train
Netherlands,2008,7.0,7.825326251983642,0.7833823868737569,16.0,23.963298034667968,1.5891053186306578,train
Netherlands,2012,6.0,7.925410366058349,1.1283737114361945,20.0,24.17402572631836,2.3734571357530023,train
Netherlands,2016,8.0,6.51888484954834,0.5335898113776089,19.0,20.231814193725587,1.205217690184584,train
Netherlands,2020,10.0,7.063962078094482,0.7246091626232306,36.0,21.67588691711426,1.5949429228918575,val
Netherlands,2024,15.0,9.51426067352295,0.7863109913040587,34.0,28.289091491699217,1.721858946595235,val
New Zealand,1964,3.0,1.4196972846984863,0.10322411957389976,5.0,4.829275131225586,0.9130878484443646,train
New Zealand,1968,1.0,1.787657380104065,0.10970579065018357,3.0,5.975192451477051,0.9962301630145699,train
New Zealand,1972,1.0,1.576988983154297,0.091857701007478,3.0,5.335031127929687,0.8451223355453433,train
New Zealand,1976,2.0,1.4259163379669189,0.09884903864989038,4.0,4.862034034729004,0.8172503838354431,train
New Zealand,1980,0.0,1.4311264276504516,0.14851750457395024,0.0,4.87698221206665,1.019285750587396,train
New Zealand,1984,8.0,1.053550124168396,0.10484037435106772,11.0,3.673092079162598,0.7880855501944672,train
New Zealand,1988,3.0,2.8306741237640383,0.2778575608760995,13.0,9.16116714477539,1.5671249828246854,train
New Zealand,1992,1.0,3.3182634830474855,0.21407314283268652,10.0,10.692236518859863,1.4706320485871072,train
New Zealand,1996,3.0,3.4914291381835936,0.27346631360937146,6.0,11.269764137268066,1.0361764485595857,train
New Zealand,2000,1.0,2.6576502323150635,0.18878770310237591,4.0,8.734920406341553,1.2405662371722308,train
New Zealand,2004,3.0,1.8809988975524903,0.14286454585972125,5.0,6.317580604553223,0.9993355636481953,train
New Zealand,2008,3.0,1.9596869945526123,0.12035173819850678,9.0,6.526224803924561,0.9968845389236201,train
New Zealand,2012,6.0,2.274149036407471,0.19939659133399296,13.0,7.5053071022033695,1.294556050937897,train
New Zealand,2016,4.0,3.591610813140869,0.21235349022807654,18.0,11.496553230285645,1.4647545337528285,train
New Zealand,2020,7.0,4.4563775062561035,0.22756237010216024,20.0,14.043256378173828,1.3647375900422614,val
New Zealand,2024,10.0,5.892566204071045,0.3821606836434341,20.0,18.113111114501955,1.2769943014877903,val
Nigeria,1964,0.0,0.6206924676895141,0.16948130963684352,1.0,2.2302955627441405,0.8996627944026236,train
Nigeria,1968,0.0,0.6676949024200439,0.1798028624525253,0.0,2.3903839111328127,0.9376466183522708,train
Nigeria,1972,0.0,0.6543103933334351,0.17200575097891496,1.0,2.345773696899414,0.9109589525521297,train
Nigeria,1976,0.0,0.6921931028366088,0.1783568057018936,0.0,2.4748106956481934,0.9351769426412799,train
Nigeria,1980,0.0,0.6543103933334351,0.17200575097891496,0.0,2.345773696899414,0.9109589525521297,train
Nigeria,1984,0.0,0.645011568069458,0.1680881983458117,2.0,2.3141171455383303,0.8970605231605524,train
Nigeria,1988,0.0,0.7153530836105346,0.19032908262914083,0.0,2.5526006698608397,0.9769118706903855,train
Nigeria,1992,0.0,0.6884437322616577,0.17470677482356542,4.0,2.4629925727844237,0.9228991973352061,train
Nigeria,1996,2.0,0.8652296543121338,0.21030421775032968,6.0,3.05969877243042,1.0566947877390807,train
Nigeria,2000,1.0,1.3520843505859375,0.24972708663188284,3.0,4.633480548858643,1.279693331212182,train
Nigeria,2004,0.0,1.4199493169784545,0.16624172914835483,2.0,4.859806632995605,1.03720544396616,train
Nigeria,2008,0.0,1.189702320098877,0.11949733317987069,5.0,4.1221212387084964,0.8172453988581798,train
Nigeria,2012,0.0,1.0775981664657592,0.201331004040885,0.0,3.760084342956543,1.0610768652025944,train
Nigeria,2016,0.0,0.8459714174270629,0.18166596682187913,1.0,3.0027668952941893,0.9592844344392621,train
Nigeria,2020,0.0,0.7942841529846192,0.1741613284169254,2.0,2.8264646530151367,0.9274140010089407,val
Nigeria,2024,0.0,0.7494386434555054,0.1928535356523141,0.0,2.669665050506592,0.9892643291759153,val
North Korea,1964,0.0,0.6206924676895141,0.16948130963684352,0.0,2.2302955627441405,0.8996627944026236,train
North Korea,1968,0.0,0.6206924676895141,0.16948130963684352,0.0,2.2302955627441405,0.8996627944026236,train
North Korea,1972,1.0,0.6206924676895141,0.16948130963684352,5.0,2.2302955627441405,0.8996627944026236,train
North Korea,1976,1.0,0.9928386688232422,0.2160903120817828,2.0,3.4687047958374024,1.1190135039987437,train
North Korea,1980,0.0,1.1052277326583861,0.1699968598436228,5.0,3.8380931854248046,1.0114227490003675,train
North Korea,1984,0.0,1.2225094795227052,0.17518898057770294,0.0,4.232575416564941,1.0095324898972893,train
North Korea,1988,0.0,0.8988653898239136,0.15309263461142367,0.0,3.175024700164795,0.8888448333494405,train
North Korea,1992,4.0,0.7463645935058594,0.1641805819519918,9.0,2.663275623321533,0.888765987023059,train
North Korea,1996,2.0,1.6841363430023193,0.28930496829193486,5.0,5.649142265319824,1.4406726897211544,train
North Korea,2000,0.0,1.9278563261032104,0.16986085323335204,4.0,6.432919216156006,1.160152996207653,train
North Korea,2004,0.0,1.7630070686340331,0.123937525321306,5.0,5.947704601287842,0.7845717912698918,train
North Korea,2008,2.0,1.2834208250045775,0.18158413579458493,6.0,4.434708786010742,1.0230594479483277,train
North Korea,2012,4.0,1.5217135667800903,0.2609696603123665,6.0,5.185447692871094,1.3207289144332481,train
North Korea,2016,2.0,2.1410720586776733,0.2189278247957528,7.0,7.089568042755127,1.3188429262459345,train
North Korea,2020,0.0,2.2923808097839355,0.1313851697981503,0.0,7.567522144317627,1.0652992020906085,val
North Korea,2024,0.0,1.4992181301116942,0.12797043564092575,6.0,5.098447608947754,0.6836108446591983,val
Norway,1964,0.0,1.3079482316970825,0.09237998077170938,0.0,4.482518482208252,0.750427348036153,train
Norway,1968,1.0,0.8542885065078736,0.11752416526898796,2.0,3.016270160675049,0.7997731011572368,train
Norway,1972,2.0,0.9118030071258545,0.14487097642372448,4.0,3.2007357597351076,0.9187144444076878,train
Norway,1976,1.0,1.23395676612854,0.17564547133586306,2.0,4.241212368011475,1.0720334773863731,train
Norway,1980,0.0,1.2700854301452638,0.11085773321784645,0.0,4.362756252288818,0.8770774838152293,train
Norway,1984,0.0,0.978397274017334,0.10113739106869002,3.0,3.4261046409606934,0.7486200869494096,train
Norway,1988,2.0,0.8655051946640014,0.16840471709537583,5.0,3.057534694671631,0.9433657281995775,train
Norway,1992,2.0,1.2495923280715941,0.22562978342753864,7.0,4.30144853591919,1.1976707543456266,train
Norway,1996,2.0,1.7481994390487672,0.2250573736921932,7.0,5.883555316925049,1.2704030781855578,train
Norway,2000,4.0,2.071389675140381,0.17300813324581782,10.0,6.895275592803955,1.164114482833895,train
Norway,2004,5.0,2.7259143352508546,0.22697776297017005,6.0,8.912240791320801,1.4235695729667663,train
Norway,2008,3.0,3.0541019439697266,0.16381865045598606,9.0,9.891018295288086,1.2448526243779565,train
Norway,2012,2.0,3.1325422286987306,0.1963017568905234,4.0,10.139680480957031,1.0996275891421399,train
Norway,2016,0.0,2.4002957344055176,0.1656414428653249,4.0,7.895218276977539,0.8936023796917649,train
Norway,2020,4.0,1.6322113037109376,0.11722120262842835,8.0,5.5363236427307125,0.8220775558921618,val
Norway,2024,4.0,2.0768261671066286,0.2249538007830258,8.0,6.888180255889893,1.3157387040144293,val
Pakistan,1964,0.0,0.8698241233825683,0.1788109992456871,1.0,3.065273094177246,0.999656314551876,train
Pakistan,1968,1.0,0.8336372613906861,0.15657720838254102,1.0,2.9513444900512695,0.9119469248802974,train
Pakistan,1972,0.0,0.9242514848709107,0.13615485769085872,1.0,3.2448052406311034,0.8894445357859336,train
Pakistan,1976,0.0,0.7978782415390014,0.15388461442074836,1.0,2.829006290435791,0.9002198346647821,train
Pakistan,1980,0.0,0.775917649269104,0.15217641584350097,0.0,2.7549912452697756,0.8815930535666776,train
Pakistan,1984,1.0,0.6788471698760986,0.17066254465815697,1.0,2.4303449630737304,0.9084849222595961,train
Pakistan,1988,0.0,0.8096150875091552,0.1629371437578559,1.0,2.8640886306762696,0.9452855360158181,train
Pakistan,1992,0.0,0.7725708723068238,0.15519455374499674,1.0,2.741883373260498,0.9031802213912196,train
Pakistan,1996,0.0,0.775917649269104,0.15217641584350097,0.0,2.7549912452697756,0.8815930535666776,train
Pakistan,2000,0.0,0.6788471698760986,0.17066254465815697,0.0,2.4303449630737304,0.9084849222595961,train
Pakistan,2004,0.0,0.645011568069458,0.1680881983458117,0.0,2.3141171455383303,0.8970605231605524,train
Pakistan,2008,0.0,0.6206924676895141,0.16948130963684352,0.0,2.2302955627441405,0.8996627944026236,train
Pakistan,2012,0.0,0.6206924676895141,0.16948130963684352,0.0,2.2302955627441405,0.8996627944026236,train
Pakistan,2016,0.0,0.6206924676895141,0.16948130963684352,0.0,2.2302955627441405,0.8996627944026236,train
Pakistan,2020,0.0,0.6206924676895141,0.16948130963684352,0.0,2.2302955627441405,0.8996627944026236,val
Pakistan,2024,1.0,0.6206924676895141,0.16948130963684352,1.0,2.2302955627441405,0.8996627944026236,val
Philippines,1964,0.0,0.6206924676895141,0.16948130963684352,1.0,2.2302955627441405,0.8996627944026236,train
Philippines,1968,0.0,0.6676949024200439,0.1798028624525253,0.0,2.3903839111328127,0.9376466183522708,train
Philippines,1972,0.0,0.6543103933334351,0.17200575097891496,0.0,2.345773696899414,0.9109589525521297,train
Philippines,1976,0.0,0.645011568069458,0.1680881983458117,0.0,2.3141171455383303,0.8970605231605524,train
Philippines,1980,0.0,0.6206924676895141,0.16948130963684352,0.0,2.2302955627441405,0.8996627944026236,train
Philippines,1984,0.0,0.6206924676895141,0.16948130963684352,0.0,2.2302955627441405,0.8996627944026236,train
Philippines,1988,0.0,0.6206924676895141,0.16948130963684352,1.0,2.2302955627441405,0.8996627944026236,train
Philippines,1992,0.0,0.6676949024200439,0.1798028624525253,1.0,2.3903839111328127,0.9376466183522708,train
Philippines,1996,0.0,0.7015465259552002,0.1823306339789058,1.0,2.506655788421631,0.9495006974017732,train
Philippines,2000,0.0,0.7262634754180908,0.18093037222940378,0.0,2.5918365478515626,0.9471471928457222,train
Philippines,2004,0.0,0.6788471698760986,0.17066254465815697,0.0,2.4303449630737304,0.9084849222595961,train
Philippines,2008,0.0,0.645011568069458,0.1680881983458117,0.0,2.3141171455383303,0.8970605231605524,train
Philippines,2012,0.0,0.6206924676895141,0.16948130963684352,0.0,2.2302955627441405,0.8996627944026236,train
Philippines,2016,0.0,0.6206924676895141,0.16948130963684352,1.0,2.2302955627441405,0.8996627944026236,train
Philippines,2020,1.0,0.6676949024200439,0.1798028624525253,4.0,2.3903839111328127,0.9376466183522708,val
Philippines,2024,2.0,0.9756253957748413,0.2052857845882718,4.0,3.4143364906311033,1.0869622368553016,val
Poland,1964,7.0,3.3321115970611572,0.48793112836810815,23.0,10.759629440307616,2.1764727968398043,train
Poland,1968,5.0,5.492582035064697,0.3044078106022242,18.0,16.98232498168945,1.684752403034554,train
Poland,1972,7.0,6.437468147277832,0.45156764244400993,21.0,19.69455032348633,1.2621066545909434,train
Poland,1976,7.0,6.982059192657471,0.6115663102661252,26.0,21.194058990478517,1.458304626309986,train
Poland,1980,3.0,7.381201267242432,0.5200204474981148,32.0,22.301599502563477,1.373013017272403,train
Poland,1984,0.0,7.936436462402344,0.601425477982937,0.0,23.91953125,1.4367548858969,train
Poland,1988,2.0,4.681182098388672,0.371325510694309,16.0,14.81090202331543,1.031392492885754,train
Poland,1992,3.0,3.464854097366333,0.31882264436905516,19.0,11.237773132324218,1.6225171123296833,train
Poland,1996,7.0,3.2670162200927733,0.5168223179838725,17.0,10.581656455993652,2.2599378624415567,train
Poland,2000,6.0,5.190230846405029,0.24573049236024236,14.0,16.14399242401123,1.4558709611503382,train
Poland,2004,3.0,5.579031753540039,0.3863937941601713,10.0,17.24021759033203,1.2531358151648258,train
Poland,2008,4.0,4.66331262588501,0.47663892677724157,11.0,14.659330749511719,1.2611567220164641,train
Poland,2012,3.0,3.8829997062683104,0.2457943255444508,11.0,12.39594841003418,1.156572277719829,train
Poland,2016,2.0,3.3476967811584473,0.1862628704819378,11.0,10.82041072845459,1.320024508068526,train
Poland,2020,4.0,3.171042966842651,0.18693029049128795,14.0,10.30714054107666,1.2825822092357264,val
Poland,2024,1.0,3.5404826164245606,0.2444223851248766,10.0,11.40012722015381,1.5396192459078355,val
Portugal,1964,0.0,0.6921931028366088,0.1783568057018936,0.0,2.4748106956481934,0.9351769426412799,train
Portugal,1968,0.0,0.6543103933334351,0.17200575097891496,0.0,2.345773696899414,0.9109589525521297,train
Portugal,1972,0.0,0.645011568069458,0.1680881983458117,0.0,2.3141171455383303,0.8970605231605524,train
Portugal,1976,0.0,0.6206924676895141,0.16948130963684352,2.0,2.2302955627441405,0.8996627944026236,train
Portugal,1980,0.0,0.7153530836105346,0.19032908262914083,0.0,2.5526006698608397,0.9769118706903855,train
Portugal,1984,1.0,0.6884437322616577,0.17470677482356542,3.0,2.4629925727844237,0.9228991973352061,train
Portugal,1988,1.0,0.938455867767334,0.18565988615849655,1.0,3.294150638580322,1.0239846443912017,train
Portugal,1992,0.0,0.9694956779479981,0.14682006580132068,0.0,3.393226146697998,0.9383889777347079,train
Portugal,1996,1.0,0.8542885065078736,0.11752416526898796,2.0,3.016270160675049,0.7997731011572368,train
Portugal,2000,0.0,0.9118030071258545,0.14487097642372448,2.0,3.2007357597351076,0.9187144444076878,train
Portugal,2004,0.0,0.8574101448059082,0.1678642571809613,3.0,3.0297045707702637,0.9528142301243038,train
Portugal,2008,1.0,0.9390309095382691,0.17490509065259258,2.0,3.304393100738525,0.9683481287594476,train
Portugal,2012,0.0,0.9992228746414185,0.1852023927232421,1.0,3.498355007171631,1.025242290336198,train
Portugal,2016,0.0,0.8871589660644531,0.1546682819679719,1.0,3.1329665184020996,0.907297271144627,train
Portugal,2020,1.0,0.801872444152832,0.15117442242037687,4.0,2.844319152832031,0.8788239852275714,val
Portugal,2024,1.0,1.0031673192977906,0.20511389289975218,4.0,3.5060319900512695,1.0866041422367978,val
Puerto Rico,1964,0.0,0.6206924676895141,0.16948130963684352,0.0,2.2302955627441405,0.8996627944026236,train
Puerto Rico,1968,0.0,0.6206924676895141,0.16948130963684352,0.0,2.2302955627441405,0.8996627944026236,train
Puerto Rico,1972,0.0,0.6206924676895141,0.16948130963684352,0.0,2.2302955627441405,0.8996627944026236,train
Puerto Rico,1976,0.0,0.6206924676895141,0.16948130963684352,1.0,2.2302955627441405,0.8996627944026236,train
Puerto Rico,1980,0.0,0.6676949024200439,0.1798028624525253,0.0,2.3903839111328127,0.9376466183522708,train
Puerto Rico,1984,0.0,0.6543103933334351,0.17200575097891496,2.0,2.345773696899414,0.9109589525521297,train
Puerto Rico,1988,0.0,0.7400304794311523,0.18883126834250494,0.0,2.637633800506592,0.9745556568465512,train
Puerto Rico,1992,0.0,0.6884437322616577,0.17470677482356542,1.0,2.4629925727844237,0.9228991973352061,train
Puerto Rico,1996,0.0,0.7170975208282471,0.1770630675331396,1.0,2.5606220245361326,0.9329112547512323,train
Puerto Rico,2000,0.0,0.7015465259552002,0.1823306339789058,0.0,2.506655788421631,0.9495006974017732,train
Puerto Rico,2004,0.0,0.6788471698760986,0.17066254465815697,0.0,2.4303449630737304,0.9084849222595961,train
Puerto Rico,2008,0.0,0.645011568069458,0.1680881983458117,0.0,2.3141171455383303,0.8970605231605524,train
Puerto Rico,2012,0.0,0.6206924676895141,0.16948130963684352,2.0,2.2302955627441405,0.8996627944026236,train
Puerto Rico,2016,1.0,0.7153530836105346,0.19032908262914083,1.0,2.5526006698608397,0.9769118706903855,train
Puerto Rico,2020,1.0,0.8550620555877686,0.1701704323710369,1.0,3.017651176452637,0.9719284507918224,val
Puerto Rico,2024,0.0,0.9475597381591797,0.13833425644744113,2.0,3.3211589813232423,0.9086555126580381,val
Qatar,1964,0.0,0.6206924676895141,0.16948130963684352,0.0,2.2302955627441405,0.8996627944026236,train
Qatar,1968,0.0,0.6206924676895141,0.16948130963684352,0.0,2.2302955627441405,0.8996627944026236,train
Qatar,1972,0.0,0.6206924676895141,0.16948130963684352,0.0,2.2302955627441405,0.8996627944026236,train
Qatar,1976,0.0,0.6206924676895141,0.16948130963684352,0.0,2.2302955627441405,0.8996627944026236,train
Qatar,1980,0.0,0.6206924676895141,0.16948130963684352,0.0,2.2302955627441405,0.8996627944026236,train
Qatar,1984,0.0,0.6206924676895141,0.16948130963684352,0.0,2.2302955627441405,0.8996627944026236,train
Qatar,1988,0.0,0.6206924676895141,0.16948130963684352,0.0,2.2302955627441405,0.8996627944026236,train
Qatar,1992,0.0,0.6206924676895141,0.16948130963684352,1.0,2.2302955627441405,0.8996627944026236,train
Qatar,1996,0.0,0.6676949024200439,0.1798028624525253,0.0,2.3903839111328127,0.9376466183522708,train
Qatar,2000,0.0,0.6543103933334351,0.17200575097891496,1.0,2.345773696899414,0.9109589525521297,train
Qatar,2004,0.0,0.6921931028366088,0.1783568057018936,0.0,2.4748106956481934,0.9351769426412799,train
Qatar,2008,0.0,0.6543103933334351,0.17200575097891496,0.0,2.345773696899414,0.9109589525521297,train
Qatar,2012,0.0,0.645011568069458,0.1680881983458117,2.0,2.3141171455383303,0.8970605231605524,train
Qatar,2016,0.0,0.7153530836105346,0.19032908262914083,1.0,2.5526006698608397,0.9769118706903855,train
Qatar,2020,2.0,0.7359162092208862,0.18502988726767403,3.0,2.6246771812438965,0.9619783997576766,val
Qatar,2024,0.0,1.11166410446167,0.18273689272662488,1.0,3.851108455657959,1.0563940814589394,val
Romania,1964,2.0,3.062231683731079,0.2252463812676732,12.0,9.949703598022461,1.472665056178977,train
Romania,1968,4.0,3.3949087142944334,0.18753172008732344,15.0,10.980440711975097,1.207985276939606,train
Romania,1972,3.0,3.630130338668823,0.2584192261734824,16.0,11.66391716003418,1.5885186694791196,train
Romania,1976,4.0,3.972793436050415,0.2547362647836588,27.0,12.681999015808106,1.5747738123510961,train
Romania,1980,6.0,5.355533218383789,0.25514257563710324,25.0,16.652261543273926,1.499359819114224,train
Romania,1984,20.0,6.533471870422363,0.26653216015124964,53.0,19.969462203979493,1.3763148017194358,train
Romania,1988,7.0,13.551067733764649,0.5341663917843564,24.0,38.712225341796874,1.193050235259648,train
Romania,1992,4.0,14.16728687286377,1.1682798103500855,18.0,40.46286163330078,2.311232238161507,train
Romania,1996,4.0,12.719251823425292,1.8202935685787458,20.0,36.73411102294922,3.8196522136588635,train
Romania,2000,11.0,6.092366504669189,0.4729885820315752,26.0,18.74979934692383,1.2447441722870343,train
Romania,2004,8.0,7.500871753692627,0.3779200715008709,19.0,22.592700576782228,1.264922515372274,train
Romania,2008,4.0,8.242950916290283,0.7600148466046612,9.0,24.650165557861328,1.7235657054457367,train
Romania,2012,2.0,6.907692337036133,1.1019606789714642,7.0,20.974498748779297,2.4155428056357486,train
Romania,2016,1.0,3.8158201694488527,0.3998177305569697,4.0,12.220590972900391,1.0896312345711692,train
Romania,2020,1.0,2.0331492900848387,0.12748461657622595,4.0,6.783146858215332,0.862912727621645,val
Romania,2024,3.0,1.532425093650818,0.13621526725261543,9.0,5.216676998138428,0.9496061873163006,val
Russia,1964,30.0,33.874272155761716,0.6162066076843711,96.0,90.96638488769531,2.8578708267919275,train
Russia,1968,29.0,35.30594329833984,0.6805462508079043,91.0,94.75301361083984,3.0557909496487934,train
Russia,1972,50.0,34.86904067993164,0.73195917610853,99.0,93.64160919189453,3.06218706347531,train
Russia,1976,49.0,35.95148620605469,1.2283746681285628,125.0,96.10958557128906,3.8338703531245812,train
Russia,1980,80.0,37.94079742431641,2.148675990298389,195.0,101.13693695068359,5.517471844903375,train
Russia,1984,0.0,39.491606903076175,1.079341197634069,0.0,105.55333251953125,3.5933499136683276,train
Russia,1988,55.0,34.93164138793945,2.233406252395103,132.0,93.80031890869141,5.973888343232177,train
Russia,1992,45.0,34.43417129516602,0.6803263664590445,112.0,92.46317749023437,2.1579706198297925,train
Russia,1996,26.0,30.888005828857423,0.4605059656192533,63.0,83.28905792236328,2.090635801128906,train
Russia,2000,32.0,36.052557373046874,0.5986946118554862,89.0,96.97821655273438,2.907222254871935,train
Russia,2004,28.0,34.37652740478516,0.754127468868635,90.0,92.64992828369141,2.7610112952830885,train
Russia,2008,24.0,32.39781494140625,0.7765391216456092,60.0,87.53365631103516,2.6638917056614346,train
Russia,2012,18.0,32.58734283447266,0.7253892371531063,65.0,88.06897583007813,2.551682053720204,train
Russia,2016,19.0,30.2397819519043,1.070148610170056,56.0,82.0844512939453,2.685671286591462,train
Russia,2020,20.0,27.0170036315918,1.5078965468432273,71.0,73.82942047119141,3.206465502199729,val
Russia,2024,0.0,26.738533782958985,1.3950410071535129,0.0,73.13939514160157,2.987838953702967,val
Serbia,1964,2.0,1.0848927736282348,0.15497889059549408,5.0,3.77530574798584,0.9516196231087045,train
Serbia,1968,3.0,1.3851224184036255,0.19196939173554073,8.0,4.734178447723389,1.1280150040248589,train
Serbia,1972,2.0,2.0168535232543947,0.20837064231666602,5.0,6.705153751373291,1.2774739427377348,train
Serbia,1976,2.0,2.1034546852111817,0.13092610854786893,8.0,6.986831188201904,1.0429943626548417,train
Serbia,1980,2.0,2.2406373023986816,0.15184363544643054,9.0,7.42042121887207,1.1065642527227135,train
Serbia,1984,7.0,2.264197015762329,0.21364983347989827,18.0,7.501567459106445,1.3087521210532276,train
Serbia,1988,3.0,4.082742071151733,0.3161114759713531,12.0,12.921804618835449,1.7358304235952264,train
Serbia,1992,0.0,4.172688627243042,0.2139229166765887,0.0,13.241287994384766,1.326050145967223,train
Serbia,1996,1.0,2.7731435775756834,0.30501962501465274,4.0,9.089871597290038,0.8409855990574522,train
Serbia,2000,1.0,1.5119338035583496,0.12896109282188356,3.0,5.153194236755371,0.8688116665934406,train
Serbia,2004,0.0,1.1197781324386598,0.17884915643733496,2.0,3.883815956115723,1.039346422434017,train
Serbia,2008,0.0,1.06458740234375,0.14060723750736284,3.0,3.7154592514038085,0.8878318156731326,train
Serbia,2012,1.0,0.9674376726150513,0.17425103049399887,4.0,3.399570846557617,0.966709399493259,train
Serbia,2016,2.0,1.110794973373413,0.2157141308808178,8.0,3.862147903442383,1.1247185176575658,train
Serbia,2020,3.0,1.6664724588394164,0.26471420543918217,9.0,5.631829071044922,1.3608525709037553,val
Serbia,2024,3.0,2.3202703952789308,0.25105885464438615,5.0,7.664362525939941,1.431627504274692,val
Singapore,1964,0.0,0.6676949024200439,0.1798028624525253,0.0,2.3903839111328127,0.9376466183522708,train
Singapore,1968,0.0,0.6543103933334351,0.17200575097891496,0.0,2.345773696899414,0.9109589525521297,train
Singapore,1972,0.0,0.645011568069458,0.1680881983458117,0.0,2.3141171455383303,0.8970605231605524,train
Singapore,1976,0.0,0.6206924676895141,0.16948130963684352,0.0,2.2302955627441405,0.8996627944026236,train
Singapore,1980,0.0,0.6206924676895141,0.16948130963684352,0.0,2.2302955627441405,0.8996627944026236,train
Singapore,1984,0.0,0.6206924676895141,0.16948130963684352,0.0,2.2302955627441405,0.8996627944026236,train
Singapore,1988,0.0,0.6206924676895141,0.16948130963684352,0.0,2.2302955627441405,0.8996627944026236,train
Singapore,1992,0.0,0.6206924676895141,0.16948130963684352,0.0,2.2302955627441405,0.8996627944026236,train
Singapore,1996,0.0,0.6206924676895141,0.16948130963684352,0.0,2.2302955627441405,0.8996627944026236,train
Singapore,2000,0.0,0.6206924676895141,0.16948130963684352,0.0,2.2302955627441405,0.8996627944026236,train
Singapore,2004,0.0,0.6206924676895141,0.16948130963684352,0.0,2.2302955627441405,0.8996627944026236,train
Singapore,2008,0.0,0.6206924676895141,0.16948130963684352,1.0,2.2302955627441405,0.8996627944026236,train
Singapore,2012,0.0,0.6676949024200439,0.1798028624525253,2.0,2.3903839111328127,0.9376466183522708,train
Singapore,2016,1.0,0.7494386434555054,0.1928535356523141,1.0,2.669665050506592,0.9892643291759153,train
Singapore,2020,0.0,0.8813099145889283,0.16925339238550152,0.0,3.106249237060547,0.9697129675620759,val
Singapore,2024,0.0,0.775508189201355,0.1431957857057184,1.0,2.7537935256958006,0.8615532334677574,val
Slovakia,1964,0.0,0.6206924676895141,0.16948130963684352,0.0,2.2302955627441405,0.8996627944026236,train
Slovakia,1968,0.0,0.6206924676895141,0.16948130963684352,0.0,2.2302955627441405,0.8996627944026236,train
Slovakia,1972,0.0,0.6206924676895141,0.16948130963684352,0.0,2.2302955627441405,0.8996627944026236,train
Slovakia,1976,0.0,0.6206924676895141,0.16948130963684352,0.0,2.2302955627441405,0.8996627944026236,train
Slovakia,1980,0.0,0.6206924676895141,0.16948130963684352,0.0,2.2302955627441405,0.8996627944026236,train
Slovakia,1984,0.0,0.6206924676895141,0.16948130963684352,0.0,2.2302955627441405,0.8996627944026236,train
Slovakia,1988,0.0,0.6206924676895141,0.16948130963684352,0.0,2.2302955627441405,0.8996627944026236,train
Slovakia,1992,0.0,0.6206924676895141,0.16948130963684352,0.0,2.2302955627441405,0.8996627944026236,train
Slovakia,1996,1.0,0.6206924676895141,0.16948130963684352,3.0,2.2302955627441405,0.8996627944026236,train
Slovakia,2000,1.0,0.885322380065918,0.18787082526475812,5.0,3.1152231216430666,1.028248767706377,train
Slovakia,2004,2.0,1.192287564277649,0.20385748602519987,6.0,4.120606708526611,1.1220429631982056,train
Slovakia,2008,3.0,1.6503019332885742,0.19693540906240287,6.0,5.577423858642578,1.1771482284269543,train
Slovakia,2012,0.0,2.043356728553772,0.18199910950638448,4.0,6.794801330566406,1.1986249577649677,train
Slovakia,2016,2.0,1.6442423343658448,0.11570549767294948,4.0,5.571717643737793,0.8781716551852718,train
Slovakia,2020,1.0,1.6256037473678588,0.12400190343113825,4.0,5.49914779663086,0.9464161282749471,val
Slovakia,2024,0.0,1.3887818574905395,0.16729762990114552,1.0,4.756685733795166,1.042985131458343,val
Slovenia,1964,0.0,0.6206924676895141,0.16948130963684352,0.0,2.2302955627441405,0.8996627944026236,train
Slovenia,1968,0.0,0.6206924676895141,0.16948130963684352,0.0,2.2302955627441405,0.8996627944026236,train
Slovenia,1972,0.0,0.6206924676895141,0.16948130963684352,0.0,2.2302955627441405,0.8996627944026236,train
Slovenia,1976,0.0,0.6206924676895141,0.16948130963684352,0.0,2.2302955627441405,0.8996627944026236,train
Slovenia,1980,0.0,0.6206924676895141,0.16948130963684352,0.0,2.2302955627441405,0.8996627944026236,train
Slovenia,1984,0.0,0.6206924676895141,0.16948130963684352,0.0,2.2302955627441405,0.8996627944026236,train
Slovenia,1988,0.0,0.6206924676895141,0.16948130963684352,0.0,2.2302955627441405,0.8996627944026236,train
Slovenia,1992,0.0,0.6206924676895141,0.16948130963684352,2.0,2.2302955627441405,0.8996627944026236,train
Slovenia,1996,0.0,0.7153530836105346,0.19032908262914083,2.0,2.5526006698608397,0.9769118706903855,train
Slovenia,2000,2.0,0.7840441226959228,0.19554459281009098,2.0,2.7884859085083007,1.0022208715648846,train
Slovenia,2004,0.0,1.0950116634368896,0.17258592347761498,4.0,3.7987826347351072,1.026238729307259,train
Slovenia,2008,1.0,1.1005750179290772,0.16379390647558575,5.0,3.826539325714111,0.9808811629447335,train
Slovenia,2012,1.0,1.3285604000091553,0.17064532709363275,4.0,4.562691020965576,1.0359569542286546,train
Slovenia,2016,1.0,1.3412425756454467,0.20037634496174542,4.0,4.6131667137146,1.1186907615250217,train
Slovenia,2020,3.0,1.3928281545639039,0.16311924611835238,5.0,4.773370170593262,1.0176928738595434,val
Slovenia,2024,2.0,1.7344136953353881,0.1727535776054071,3.0,5.826285934448242,1.1334072732688965,val
South Africa,1964,0.0,1.3361592054367066,0.16332025181713153,0.0,4.613080596923828,0.9362863897863756,train
South Africa,1968,0.0,0.8256932258605957,0.17353081770504453,0.0,2.9350811004638673,0.9279685487022359,train
South Africa,1972,0.0,0.6948657751083374,0.16578815103579772,0.0,2.4859005928039553,0.8924748526993089,train
South Africa,1976,0.0,0.6206924676895141,0.16948130963684352,0.0,2.2302955627441405,0.8996627944026236,train
South Africa,1980,0.0,0.6206924676895141,0.16948130963684352,0.0,2.2302955627441405,0.8996627944026236,train
South Africa,1984,0.0,0.6206924676895141,0.16948130963684352,0.0,2.2302955627441405,0.8996627944026236,train
South Africa,1988,0.0,0.6206924676895141,0.16948130963684352,0.0,2.2302955627441405,0.8996627944026236,train
South Africa,1992,0.0,0.6206924676895141,0.16948130963684352,2.0,2.2302955627441405,0.8996627944026236,train
South Africa,1996,3.0,0.7153530836105346,0.19032908262914083,5.0,2.5526006698608397,0.9769118706903855,train
South Africa,2000,0.0,1.3549206256866455,0.21621415801404192,5.0,4.625227451324463,1.2025324499949361,train
South Africa,2004,1.0,1.3784268617630004,0.16821113081782904,6.0,4.727168083190918,1.039371075534102,train
South Africa,2008,0.0,1.606177067756653,0.16139071908288644,1.0,5.453643035888672,1.0374983861402565,train
South Africa,2012,4.0,1.106121301651001,0.17298414386925856,6.0,3.8599886894226074,0.9682442521194358,train
South Africa,2016,2.0,1.7973469495773315,0.2031248934934201,10.0,6.013746643066407,1.2154234404262965,train
South Africa,2020,1.0,2.1470235109329225,0.23297093557643417,3.0,7.118001556396484,1.3678228359522622,val
South Africa,2024,1.0,2.0013817310333253,0.12222931224821439,6.0,6.682890510559082,0.8655304864939168,val
South Korea,1964,0.0,0.7383706331253052,0.17228035083739604,3.0,2.635056495666504,0.9184157740583113,train
South Korea,1968,0.0,0.8141352891921997,0.19799558621548988,2.0,2.890020561218262,1.0131794247118013,train
South Korea,1972,0.0,0.8197010040283204,0.19843925086030928,1.0,2.9096923828125,1.016096334363931,train
South Korea,1976,1.0,0.8120516061782836,0.18140836351942433,6.0,2.886832332611084,0.9559263913169278,train
South Korea,1980,0.0,1.1449362993240357,0.23690111455678511,0.0,3.9714776039123536,1.1937798241619442,train
South Korea,1984,6.0,1.9934203147888183,1.2305040765727033,19.0,6.107045459747314,3.3825549140053526,train
South Korea,1988,12.0,5.000244188308716,2.4381791066943945,33.0,14.812219429016114,6.381732610526517,train
South Korea,1992,12.0,8.919151306152344,0.8634488858822271,29.0,27.482782745361327,2.697746587869321,train
South Korea,1996,7.0,12.74418773651123,0.8263624437542716,27.0,37.63038711547851,1.7817968775028978,train
South Korea,2000,8.0,12.888114929199219,1.8142549788976357,28.0,37.99189758300781,3.779192762645031,train
South Korea,2004,9.0,10.999128150939942,1.4870289070930816,30.0,32.88900451660156,2.954704753170022,train
South Korea,2008,13.0,10.493103408813477,1.0749935726746491,32.0,31.44344711303711,2.0696509328722583,train
South Korea,2012,13.0,12.362335014343262,1.3133979460865437,31.0,36.163693237304685,2.5937086848275595,train
South Korea,2016,9.0,13.840887451171875,1.6418078235922238,21.0,39.941063690185544,3.3350629821553164,train
South Korea,2020,6.0,12.915435028076171,1.9480613892686405,20.0,37.50691223144531,4.124887425494127,val
South Korea,2024,13.0,9.894695949554443,1.60989831373507,32.0,29.572599029541017,3.4661308749982664,val
Spain,1964,0.0,0.6921931028366088,0.1783568057018936,0.0,2.4748106956481934,0.9351769426412799,train
Spain,1968,0.0,0.6543103933334351,0.17200575097891496,0.0,2.345773696899414,0.9109589525521297,train
Spain,1972,0.0,0.645011568069458,0.1680881983458117,1.0,2.3141171455383303,0.8970605231605524,train
Spain,1976,0.0,0.6676949024200439,0.1798028624525253,2.0,2.3903839111328127,0.9376466183522708,train
Spain,1980,1.0,0.7494386434555054,0.1928535356523141,6.0,2.669665050506592,0.9892643291759153,train
Spain,1984,1.0,1.1559380054473878,0.2423739073407219,5.0,4.007617855072022,1.2129919030015994,train
Spain,1988,1.0,2.466447877883911,1.339693003182649,4.0,7.5925802230834964,3.75961284190105,train
Spain,1992,13.0,3.328738832473755,1.997110307185609,22.0,9.809925651550293,5.0595896694080755,train
Spain,1996,5.0,6.002652168273926,0.4119345342100652,17.0,19.606073760986327,1.4002350031938147,train
Spain,2000,3.0,6.5818202018737795,0.5543337296451735,11.0,21.455746459960938,0.8967158724925066,train
Spain,2004,3.0,6.499323844909668,1.2394739997173938,20.0,21.313539886474608,2.4752447579037256,train
Spain,2008,5.0,4.75554141998291,0.2277302274818053,19.0,16.381354141235352,0.4402704046405795,train
Spain,2012,4.0,5.1777750015258786,0.1248393647400786,20.0,17.544199752807618,0.8705564389925999,train
Spain,2016,7.0,5.857597732543946,0.22630922553900293,17.0,19.49507369995117,0.5690669811035443,train
Spain,2020,3.0,6.431801414489746,0.4187158560101693,17.0,20.984710693359375,0.32732946064224167,val
Spain,2024,5.0,5.782631683349609,0.3848027298960272,18.0,19.152067184448242,0.2604763141785057,val
Sweden,1964,2.0,7.20073127746582,1.2576189931945532,8.0,22.413702774047852,2.565450344491027,train
Sweden,1968,2.0,3.5182964324951174,0.34144717722591283,4.0,11.762043380737305,0.49627417335584806,train
Sweden,1972,4.0,2.179461622238159,0.042308514719127,16.0,7.661855697631836,0.53491833005462,train
Sweden,1976,4.0,3.3631731033325196,0.13026474002241517,5.0,11.344841766357423,1.049352251225315,train
Sweden,1980,3.0,3.3440612316131593,0.1439189665184489,12.0,11.29644546508789,0.6253020621669941,train
Sweden,1984,2.0,3.800114154815674,0.23124645107407027,19.0,12.748664855957031,0.49609916393329084,train
Sweden,1988,0.0,3.8947370529174803,0.09350881808809398,11.0,13.095529747009277,0.9175978623823459,train
Sweden,1992,1.0,3.4614327907562257,0.1023858143451491,12.0,11.90110912322998,0.9531948744754974,train
Sweden,1996,2.0,3.2150686264038084,0.19305878675276067,8.0,11.173330688476563,1.1617186692139252,train
Sweden,2000,4.0,2.7479698181152346,0.20543715900520107,12.0,9.691025352478027,1.0601013847356568,train
Sweden,2004,4.0,3.442964458465576,0.1319798293569704,7.0,11.826741027832032,0.9875633107616084,train
Sweden,2008,0.0,3.4871564865112306,0.12528229519667194,5.0,11.936990737915039,0.5326154118610014,train
Sweden,2012,1.0,2.696458864212036,0.19004001190011874,8.0,9.540908813476562,0.2738039242273101,train
Sweden,2016,2.0,2.2732890129089354,0.06895930731552853,11.0,8.254269409179688,0.426649507163261,train
Sweden,2020,3.0,2.5185705184936524,0.22417878694080745,9.0,9.073078918457032,1.0372911708898276,val
Sweden,2024,4.0,3.0301002979278566,0.10878603946150497,11.0,10.6748779296875,0.8185371065862149,val
Switzerland,1964,1.0,1.5289926052093505,0.1959550053431938,4.0,5.236160087585449,1.0595301774271233,train
Switzerland,1968,0.0,1.2048760414123536,0.23341622431304923,5.0,4.174038696289062,1.1897744005178872,train
Switzerland,1972,0.0,1.2777856111526489,0.21818169854839117,3.0,4.4233190536499025,1.137149012295734,train
Switzerland,1976,1.0,1.118124508857727,0.18904670157267042,4.0,3.898742198944092,1.0192386064758132,train
Switzerland,1980,2.0,1.2000802755355835,0.21664970472209436,2.0,4.15996789932251,1.131764751400085,train
Switzerland,1984,0.0,1.2924569368362426,0.15604802448415647,8.0,4.437864017486572,1.0117934268446318,train
Switzerland,1988,0.0,1.459411883354187,0.19103831068300908,4.0,4.988921070098877,1.1093469137105603,train
Switzerland,1992,1.0,1.3020410537719727,0.1878528295123561,1.0,4.49636058807373,1.048870237874173,train
Switzerland,1996,4.0,1.1647326946258545,0.18057138122697125,7.0,4.049027633666992,1.0018210060024562,train
Switzerland,2000,1.0,1.8221434354782104,0.22778480717834027,9.0,6.086040115356445,1.2960008917628223,train
Switzerland,2004,1.0,2.0341899156570435,0.1867151421206371,5.0,6.776492404937744,1.214156122638753,train
Switzerland,2008,2.0,2.006452202796936,0.13650924602266476,7.0,6.710015964508057,0.9670216765428528,train
Switzerland,2012,2.0,1.9366171598434447,0.22698093890166252,4.0,6.491297340393066,1.2703771724169313,train
Switzerland,2016,3.0,1.793387222290039,0.15583203991957953,7.0,6.026931381225586,1.0760200316464774,train
Switzerland,2020,3.0,2.166676378250122,0.1554250643236135,13.0,7.174607753753662,1.1370004012902784,val
Switzerland,2024,1.0,2.7576401233673096,0.24798549811821383,8.0,9.014906692504884,1.4986365459304847,val
Thailand,1964,0.0,0.6206924676895141,0.16948130963684352,0.0,2.2302955627441405,0.8996627944026236,train
Thailand,1968,0.0,0.6206924676895141,0.16948130963684352,0.0,2.2302955627441405,0.8996627944026236,train
Thailand,1972,0.0,0.6206924676895141,0.16948130963684352,0.0,2.2302955627441405,0.8996627944026236,train
Thailand,1976,0.0,0.6206924676895141,0.16948130963684352,1.0,2.2302955627441405,0.8996627944026236,train
Thailand,1980,0.0,0.6676949024200439,0.1798028624525253,0.0,2.3903839111328127,0.9376466183522708,train
Thailand,1984,0.0,0.6543103933334351,0.17200575097891496,1.0,2.345773696899414,0.9109589525521297,train
Thailand,1988,0.0,0.6921931028366088,0.1783568057018936,1.0,2.4748106956481934,0.9351769426412799,train
Thailand,1992,0.0,0.7015465259552002,0.1823306339789058,1.0,2.506655788421631,0.9495006974017732,train
Thailand,1996,1.0,0.7262634754180908,0.18093037222940378,2.0,2.5918365478515626,0.9471471928457222,train
Thailand,2000,1.0,0.8960626125335693,0.17777444147829322,3.0,3.153776836395264,0.9973729729635163,train
Thailand,2004,3.0,1.0670886993408204,0.16793841474529278,8.0,3.7115415573120116,1.005257056478985,train
Thailand,2008,2.0,1.815403366088867,0.22163533655223597,6.0,6.076388740539551,1.2789410782845319,train
Thailand,2012,0.0,2.0135672330856322,0.17045400219770654,4.0,6.708990287780762,1.162020292704009,train
Thailand,2016,2.0,1.6916192531585694,0.12094709040689264,6.0,5.728321647644043,0.855852777374889,train
Thailand,2020,1.0,1.6814614534378052,0.1869745544963321,2.0,5.681614398956299,1.1337340551489115,val
Thailand,2024,1.0,1.360240387916565,0.15097371608685495,6.0,4.6673150062561035,0.984882243219991,val
Trinidad and Tobago,1964,0.0,0.6697348594665528,0.16685500053196517,3.0,2.3993156433105467,0.8946617205006075,train
Trinidad and Tobago,1968,0.0,0.763663935661316,0.20103772114811516,0.0,2.7169331550598144,1.0173560760256037,train
Trinidad and Tobago,1972,0.0,0.7230955362319946,0.1775823565396344,0.0,2.5819607734680177,0.9354899340930359,train
Trinidad and Tobago,1976,1.0,0.6948657751083374,0.16578815103579772,1.0,2.4859005928039553,0.8924748526993089,train
Trinidad and Tobago,1980,0.0,0.7846160411834717,0.16441871517761913,0.0,2.7780320167541506,0.9481708872350961,train
Trinidad and Tobago,1984,0.0,0.7248416185379029,0.14545758521943367,0.0,2.57936372756958,0.8675145975297976,train
Trinidad and Tobago,1988,0.0,0.6938234806060791,0.14020308121268288,0.0,2.4745019912719726,0.836497773883686,train
Trinidad and Tobago,1992,0.0,0.6206924676895141,0.16948130963684352,0.0,2.2302955627441405,0.8996627944026236,train
Trinidad and Tobago,1996,0.0,0.6206924676895141,0.16948130963684352,2.0,2.2302955627441405,0.8996627944026236,train
Trinidad and Tobago,2000,0.0,0.7153530836105346,0.19032908262914083,2.0,2.5526006698608397,0.9769118706903855,train
Trinidad and Tobago,2004,0.0,0.7840441226959228,0.19554459281009098,1.0,2.7884859085083007,1.0022208715648846,train
Trinidad and Tobago,2008,1.0,0.7862076997756958,0.18247401296755258,2.0,2.7979726791381836,0.9577102306359957,train
Trinidad and Tobago,2012,1.0,0.9228207111358643,0.17685942539371924,4.0,3.2439267158508303,0.9952566402144735,train
Trinidad and Tobago,2016,0.0,1.1232398271560669,0.18263058153387146,1.0,3.8937338829040526,1.0505442312675681,train
Trinidad and Tobago,2020,0.0,0.9919577836990356,0.1345238458243659,0.0,3.4756927490234375,0.8670476588960105,val
Trinidad and Tobago,2024,0.0,0.8067103385925293,0.1405467522245079,0.0,2.862707328796387,0.8380160758278651,val
Tunisia,1964,0.0,0.6206924676895141,0.16948130963684352,2.0,2.2302955627441405,0.8996627944026236,train
Tunisia,1968,1.0,0.7153530836105346,0.19032908262914083,2.0,2.5526006698608397,0.9769118706903855,train
Tunisia,1972,0.0,0.906397032737732,0.18230131710446468,1.0,3.187893104553223,1.0126975786538694,train
Tunisia,1976,0.0,0.8600041151046753,0.1553057568492635,0.0,3.0411813735961912,0.9094510064238619,train
Tunisia,1980,0.0,0.753896975517273,0.14168717056702457,0.0,2.680972385406494,0.8431571533693185,train
Tunisia,1984,0.0,0.645011568069458,0.1680881983458117,0.0,2.3141171455383303,0.8970605231605524,train
Tunisia,1988,0.0,0.6206924676895141,0.16948130963684352,0.0,2.2302955627441405,0.8996627944026236,train
Tunisia,1992,0.0,0.6206924676895141,0.16948130963684352,0.0,2.2302955627441405,0.8996627944026236,train
Tunisia,1996,0.0,0.6206924676895141,0.16948130963684352,1.0,2.2302955627441405,0.8996627944026236,train
Tunisia,2000,0.0,0.6676949024200439,0.1798028624525253,0.0,2.3903839111328127,0.9376466183522708,train
Tunisia,2004,0.0,0.6543103933334351,0.17200575097891496,0.0,2.345773696899414,0.9109589525521297,train
Tunisia,2008,1.0,0.645011568069458,0.1680881983458117,1.0,2.3141171455383303,0.8970605231605524,train
Tunisia,2012,2.0,0.7846160411834717,0.16441871517761913,3.0,2.7780320167541506,0.9481708872350961,train
Tunisia,2016,0.0,1.1354351043701172,0.15581369854173166,3.0,3.921016979217529,1.010217796667988,train
Tunisia,2020,1.0,1.1144450902938843,0.12703192393918789,2.0,3.8682774543762206,0.8860240190060772,val
Tunisia,2024,1.0,1.1445112943649292,0.1268411718162603,3.0,3.9655495643615724,0.8812037568895705,val
Turkey,1964,2.0,3.1822361946105957,0.19968234627721082,6.0,10.245560455322266,1.4150926073672923,train
Turkey,1968,2.0,2.9376032829284666,0.20386816830720791,2.0,9.537635231018067,1.0184215232225242,train
Turkey,1972,0.0,2.300650405883789,0.2556037261082048,1.0,7.574412727355957,0.8507325208874396,train
Turkey,1976,0.0,1.1809586048126222,0.09722459038990645,0.0,4.0862452507019045,0.7361153360830502,train
Turkey,1980,0.0,0.806457257270813,0.11695970139553281,0.0,2.8535292625427244,0.7848403742941436,train
Turkey,1984,0.0,0.645011568069458,0.1680881983458117,3.0,2.3141171455383303,0.8970605231605524,train
Turkey,1988,1.0,0.763663935661316,0.20103772114811516,2.0,2.7169331550598144,1.0173560760256037,train
Turkey,1992,2.0,0.943914246559143,0.18589359188767104,6.0,3.313386821746826,1.026693171215544,train
Turkey,1996,4.0,1.4464413166046142,0.20953432927455684,6.0,4.931440258026123,1.1848057694653562,train
Turkey,2000,3.0,2.1033643245697022,0.1800978366543533,5.0,6.95984582901001,1.2255295553415924,train
Turkey,2004,3.0,2.328992795944214,0.11985315608458297,10.0,7.663524532318116,1.0174497792616837,train
Turkey,2008,1.0,2.6879337310791014,0.1469822250634428,5.0,8.781413459777832,1.1321904220458585,train
Turkey,2012,1.0,2.1270284175872805,0.1283762123747478,3.0,7.073611831665039,0.9862779663826956,train
Turkey,2016,1.0,1.7078680515289306,0.12049849550873988,8.0,5.774753475189209,0.8655733613623939,train
Turkey,2020,2.0,1.596405267715454,0.22198789228212618,13.0,5.42351770401001,1.2224735951052983,val
Turkey,2024,0.0,2.2779791831970213,0.3588901973171355,8.0,7.556529903411866,1.7157452752253946,val
Uganda,1964,0.0,0.6206924676895141,0.16948130963684352,0.0,2.2302955627441405,0.8996627944026236,train
Uganda,1968,0.0,0.6206924676895141,0.16948130963684352,2.0,2.2302955627441405,0.8996627944026236,train
Uganda,1972,1.0,0.7153530836105346,0.19032908262914083,2.0,2.5526006698608397,0.9769118706903855,train
Uganda,1976,0.0,0.906397032737732,0.18230131710446468,0.0,3.187893104553223,1.0126975786538694,train
Uganda,1980,0.0,0.8111027956008912,0.1460250957279331,1.0,2.875922107696533,0.872740738577151,train
Uganda,1984,0.0,0.7670966148376465,0.14871852375414168,0.0,2.7249394416809083,0.8685095010033376,train
Uganda,1988,0.0,0.6543103933334351,0.17200575097891496,0.0,2.345773696899414,0.9109589525521297,train
Uganda,1992,0.0,0.645011568069458,0.1680881983458117,0.0,2.3141171455383303,0.8970605231605524,train
Uganda,1996,0.0,0.6206924676895141,0.16948130963684352,1.0,2.2302955627441405,0.8996627944026236,train
Uganda,2000,0.0,0.6676949024200439,0.1798028624525253,0.0,2.3903839111328127,0.9376466183522708,train
Uganda,2004,0.0,0.6543103933334351,0.17200575097891496,0.0,2.345773696899414,0.9109589525521297,train
Uganda,2008,0.0,0.645011568069458,0.1680881983458117,0.0,2.3141171455383303,0.8970605231605524,train
Uganda,2012,1.0,0.6206924676895141,0.16948130963684352,1.0,2.2302955627441405,0.8996627944026236,train
Uganda,2016,0.0,0.7846160411834717,0.16441871517761913,0.0,2.7780320167541506,0.9481708872350961,train
Uganda,2020,2.0,0.7248416185379029,0.14545758521943367,4.0,2.57936372756958,0.8675145975297976,val
Uganda,2024,1.0,1.156085228919983,0.16161614000925834,2.0,3.9887170791625977,1.0160107345302598,val
Ukraine,1964,0.0,0.6206924676895141,0.16948130963684352,0.0,2.2302955627441405,0.8996627944026236,train
Ukraine,1968,0.0,0.6206924676895141,0.16948130963684352,0.0,2.2302955627441405,0.8996627944026236,train
Ukraine,1972,0.0,0.6206924676895141,0.16948130963684352,0.0,2.2302955627441405,0.8996627944026236,train
Ukraine,1976,0.0,0.6206924676895141,0.16948130963684352,0.0,2.2302955627441405,0.8996627944026236,train
Ukraine,1980,0.0,0.6206924676895141,0.16948130963684352,0.0,2.2302955627441405,0.8996627944026236,train
Ukraine,1984,0.0,0.6206924676895141,0.16948130963684352,0.0,2.2302955627441405,0.8996627944026236,train
Ukraine,1988,0.0,0.6206924676895141,0.16948130963684352,0.0,2.2302955627441405,0.8996627944026236,train
Ukraine,1992,0.0,0.6206924676895141,0.16948130963684352,0.0,2.2302955627441405,0.8996627944026236,train
Ukraine,1996,9.0,0.6206924676895141,0.16948130963684352,23.0,2.2302955627441405,0.8996627944026236,train
Ukraine,2000,3.0,3.650265645980835,0.5876059527044835,23.0,11.584827613830566,2.3959062301447935,train
Ukraine,2004,8.0,5.044870853424072,0.2881677864288704,22.0,15.725301361083984,1.6573978432383172,train
Ukraine,2008,7.0,7.6572340965271,0.691588502415902,22.0,23.0844669342041,1.563032082912051,train
Ukraine,2012,5.0,7.339507961273194,0.49628499341384225,19.0,22.19484519958496,1.3154622627538564,train
Ukraine,2016,2.0,7.177803230285645,0.774471592708149,11.0,21.75677833557129,1.7309556302578102,train
Ukraine,2020,1.0,5.0450239181518555,0.459681520354483,19.0,15.797963333129882,1.1951060110174119,val
Ukraine,2024,3.0,3.972048282623291,0.23315461309610133,12.0,12.726784133911133,1.4258420883164962,val
United States,1964,36.0,33.592926025390625,0.763184547171078,90.0,90.5121353149414,2.6690243034584915,train
United States,1968,45.0,33.49630126953125,0.7565715545071788,107.0,90.25485687255859,2.73666697071299,train
United States,1972,33.0,34.78415222167969,0.6512638322039074,94.0,93.55237121582032,2.8178353160625838,train
United States,1976,34.0,35.39012069702149,0.601401849185888,94.0,95.1897689819336,2.8558031449631778,train
United States,1980,0.0,36.703400421142575,1.2066249405590441,0.0,98.4088638305664,3.84426008294255,train
United States,1984,83.0,30.567232513427733,2.957535012093502,174.0,82.22517395019531,7.520264921861871,train
United States,1988,36.0,32.9487907409668,1.2943348398989343,94.0,88.33961639404296,3.567767255675769,train
United States,1992,37.0,33.976549530029295,2.137857686387846,108.0,91.0386978149414,5.385958166626135,train
United States,1996,44.0,39.54590606689453,1.7543347407277927,101.0,105.64203338623047,4.620889343044128,train
United States,2000,37.0,37.848394775390624,1.4297381194314418,93.0,101.25204010009766,4.084044044235235,train
United States,2004,36.0,36.97519989013672,0.7754617702315987,101.0,99.11272888183593,3.162417811626789,train
United States,2008,36.0,36.13252182006836,0.699435310348448,112.0,97.0285629272461,2.945597293169511,train
United States,2012,48.0,35.373783874511716,0.6641531501732417,104.0,95.13327331542969,2.9670666790415154,train
United States,2016,46.0,35.90235366821289,0.6344807954732724,121.0,96.44688415527344,2.9918979262784067,train
United States,2020,39.0,36.43134078979492,0.6439623285113512,113.0,97.84060974121094,3.0516930705288914,val
United States,2024,40.0,37.83830184936524,1.2733977812935988,126.0,101.3219711303711,4.003383002369554,val
Uzbekistan,1964,0.0,0.6206924676895141,0.16948130963684352,0.0,2.2302955627441405,0.8996627944026236,train
Uzbekistan,1968,0.0,0.6206924676895141,0.16948130963684352,0.0,2.2302955627441405,0.8996627944026236,train
Uzbekistan,1972,0.0,0.6206924676895141,0.16948130963684352,0.0,2.2302955627441405,0.8996627944026236,train
Uzbekistan,1976,0.0,0.6206924676895141,0.16948130963684352,0.0,2.2302955627441405,0.8996627944026236,train
Uzbekistan,1980,0.0,0.6206924676895141,0.16948130963684352,0.0,2.2302955627441405,0.8996627944026236,train
Uzbekistan,1984,0.0,0.6206924676895141,0.16948130963684352,0.0,2.2302955627441405,0.8996627944026236,train
Uzbekistan,1988,0.0,0.6206924676895141,0.16948130963684352,0.0,2.2302955627441405,0.8996627944026236,train
Uzbekistan,1992,0.0,0.6206924676895141,0.16948130963684352,0.0,2.2302955627441405,0.8996627944026236,train
Uzbekistan,1996,0.0,0.6206924676895141,0.16948130963684352,2.0,2.2302955627441405,0.8996627944026236,train
Uzbekistan,2000,1.0,0.7153530836105346,0.19032908262914083,4.0,2.5526006698608397,0.9769118706903855,train
Uzbekistan,2004,2.0,1.0142152786254883,0.21047246892484317,5.0,3.54171142578125,1.1038718117162032,train
Uzbekistan,2008,0.0,1.4412964582443237,0.20491752287581194,4.0,4.916411304473877,1.1714848397581477,train
Uzbekistan,2012,0.0,1.3532640218734742,0.1509266200340543,3.0,4.650866413116455,0.964465525246751,train
Uzbekistan,2016,4.0,1.168733263015747,0.15534632429007664,13.0,4.059519100189209,0.9224766792128857,train
Uzbekistan,2020,3.0,2.2355756759643555,0.4005003160060777,5.0,7.394716453552246,1.8137733601177903,val
Uzbekistan,2024,8.0,2.4387656688690185,0.2084775460349713,13.0,8.027079677581787,1.3356494246416726,val
Venezuela,1964,0.0,0.6921931028366088,0.1783568057018936,0.0,2.4748106956481934,0.9351769426412799,train
Venezuela,1968,1.0,0.6543103933334351,0.17200575097891496,1.0,2.345773696899414,0.9109589525521297,train
Venezuela,1972,0.0,0.8096150875091552,0.1629371437578559,0.0,2.8640886306762696,0.9452855360158181,train
Venezuela,1976,0.0,0.7248416185379029,0.14545758521943367,1.0,2.57936372756958,0.8675145975297976,train
Venezuela,1980,0.0,0.7413732051849365,0.1497842091906032,1.0,2.6364068031311034,0.8714022803488954,train
Venezuela,1984,0.0,0.7015465259552002,0.1823306339789058,3.0,2.506655788421631,0.9495006974017732,train
Venezuela,1988,0.0,0.823811411857605,0.2023101827886596,0.0,2.922062110900879,1.028540067312746,train
Venezuela,1992,0.0,0.748076319694519,0.17633681263103546,0.0,2.6680600166320803,0.9332684649402317,train
Venezuela,1996,0.0,0.6948657751083374,0.16578815103579772,0.0,2.4859005928039553,0.8924748526993089,train
Venezuela,2000,0.0,0.6206924676895141,0.16948130963684352,0.0,2.2302955627441405,0.8996627944026236,train
Venezuela,2004,0.0,0.6206924676895141,0.16948130963684352,2.0,2.2302955627441405,0.8996627944026236,train
Venezuela,2008,0.0,0.7153530836105346,0.19032908262914083,1.0,2.5526006698608397,0.9769118706903855,train
Venezuela,2012,1.0,0.7359162092208862,0.18502988726767403,1.0,2.6246771812438965,0.9619783997576766,train
Venezuela,2016,0.0,0.8712326288223267,0.16493221224455895,3.0,3.07298002243042,0.9549160385779555,train
Venezuela,2020,1.0,0.8978747367858887,0.17491768882366646,4.0,3.16424674987793,0.977438505364829,val
Venezuela,2024,0.0,1.137773823738098,0.18334389226798578,0.0,3.9441683769226072,1.0448373909027249,val
