Country,Year,Gold_trend,Gold_trend_std,Total_trend,Total_trend_std,Host_prob,Gold_true,Total_true,IsHost_true,Split,n_seeds
Algeria,1964,0.6206924676895141,0.16948130963684352,2.2302955627441405,0.8996627944026236,0.03357344251126046,0.0,0.0,0.0,train,5
Algeria,1968,0.6206924676895141,0.16948130963684352,2.2302955627441405,0.8996627944026236,0.03357344251126046,0.0,0.0,0.0,train,5
Algeria,1972,0.6206924676895141,0.16948130963684352,2.2302955627441405,0.8996627944026236,0.03357344251126046,0.0,0.0,0.0,train,5
Algeria,1976,0.6206924676895141,0.16948130963684352,2.2302955627441405,0.8996627944026236,0.03357344251126046,0.0,0.0,0.0,train,5
Algeria,1980,0.6206924676895141,0.16948130963684352,2.2302955627441405,0.8996627944026236,0.03357344251126046,0.0,0.0,0.0,train,5
Algeria,1984,0.6206924676895141,0.16948130963684352,2.2302955627441405,0.8996627944026236,0.03357344251126046,0.0,2.0,0.0,train,5
Algeria,1988,0.7153530836105346,0.19032908262914094,2.5526006698608397,0.9769118706903855,0.03357344251126046,0.0,0.0,0.0,train,5
Algeria,1992,0.6884437322616577,0.17470677482356542,2.4629925727844237,0.9228991973352061,0.03357344251126046,1.0,2.0,0.0,train,5
Algeria,1996,0.8862455368041993,0.17351088956305288,3.1213429450988768,0.9826581986053039,0.03357344251126046,2.0,3.0,0.0,train,5
Algeria,2000,1.1758590936660767,0.16074927272113593,4.053656005859375,1.0249072496321865,0.03357344251126046,1.0,5.0,0.0,train,5
Algeria,2004,1.402836227416992,0.1429025070890521,4.791071891784668,0.9934377459558303,0.03357344251126046,0.0,0.0,0.0,train,5
Algeria,2008,1.0691699028015136,0.10740853367657135,3.726506996154785,0.7770223500476169,0.03357344251126046,0.0,2.0,0.0,train,5
Algeria,2012,0.8972575187683105,0.1561287464436701,3.16760196685791,0.8986535246837076,0.03357344251126046,1.0,1.0,0.0,train,5
Algeria,2016,0.8550620555877686,0.1701704323710369,3.017651176452637,0.9719284507918226,0.03357344251126046,0.0,2.0,0.0,train,5
Algeria,2020,0.8734601974487305,0.16265450753426264,3.0847434043884276,0.9353785869345587,0.03357344251126046,0.0,0.0,0.0,val,5
Algeria,2024,0.7629615545272828,0.1451665690513994,2.7118271827697753,0.8562540311893175,0.03357344251126046,2.0,3.0,0.0,val,5
Argentina,1964,0.9725818157196044,0.16251346812236686,3.419374179840088,0.9228147528451706,0.03357344251126046,0.0,1.0,0.0,train,5
Argentina,1968,0.7862076997756958,0.18247401296755258,2.7979726791381836,0.9577102306359955,0.03357344251126046,0.0,2.0,0.0,train,5
Argentina,1972,0.799647855758667,0.19008767080544542,2.8426513671875,0.9849679916292121,0.03357344251126046,0.0,1.0,0.0,train,5
Argentina,1976,0.7608550071716309,0.18367438842874087,2.7106206893920897,0.9597398656351704,0.03357344251126046,0.0,0.0,0.0,train,5
Argentina,1980,0.7037919998168946,0.16948013572127607,2.516306209564209,0.9062177913601499,0.03357344251126046,0.0,0.0,0.0,train,5
Argentina,1984,0.645011568069458,0.16808819834581176,2.3141171455383303,0.8970605231605525,0.03357344251126046,0.0,0.0,0.0,train,5
Argentina,1988,0.6206924676895141,0.16948130963684352,2.2302955627441405,0.8996627944026236,0.03357344251126046,0.0,2.0,0.0,train,5
Argentina,1992,0.7153530836105346,0.19032908262914094,2.5526006698608397,0.9769118706903855,0.03357344251126046,0.0,1.0,0.0,train,5
Argentina,1996,0.7359162092208862,0.18502988726767403,2.6246771812438965,0.9619783997576766,0.03357344251126046,0.0,3.0,0.0,train,5
Argentina,2000,0.8499950647354126,0.20146587127848672,3.0106640815734864,1.0272554497323725,0.03357344251126046,0.0,4.0,0.0,train,5
Argentina,2004,0.9492825031280517,0.22307861758782507,3.3411535263061523,1.1054401946105046,0.03357344251126046,2.0,6.0,0.0,train,5
Argentina,2008,1.4446433544158936,0.25122817039874873,4.936293029785157,1.2894408239568187,0.03357344251126046,2.0,6.0,0.0,train,5
Argentina,2012,1.7666794538497925,0.21564057121457797,5.9451807022094725,1.241952737303637,0.03357344251126046,1.0,4.0,0.0,train,5
Argentina,2016,1.6941043615341187,0.1250581570638776,5.724159145355225,0.9474383150857145,0.03357344251126046,3.0,4.0,0.0,train,5
Argentina,2020,1.8145596742630006,0.12899386954044548,6.0765026092529295,1.0130280076018445,0.03357344251126046,0.0,3.0,0.0,val,5
Argentina,2024,1.3448576927185059,0.11274463522000899,4.612238788604737,0.853945539765721,0.03357344251126046,1.0,3.0,0.0,val,5
Armenia,1964,0.6206924676895141,0.16948130963684352,2.2302955627441405,0.8996627944026236,0.03357344251126046,0.0,0.0,0.0,train,5
Armenia,1968,0.6206924676895141,0.16948130963684352,2.2302955627441405,0.8996627944026236,0.03357344251126046,0.0,0.0,0.0,train,5
Armenia,1972,0.6206924676895141,0.16948130963684352,2.2302955627441405,0.8996627944026236,0.03357344251126046,0.0,0.0,0.0,train,5
Armenia,1976,0.6206924676895141,0.16948130963684352,2.2302955627441405,0.8996627944026236,0.03357344251126046,0.0,0.0,0.0,train,5
Armenia,1980,0.6206924676895141,0.16948130963684352,2.2302955627441405,0.8996627944026236,0.03357344251126046,0.0,0.0,0.0,train,5
Armenia,1984,0.6206924676895141,0.16948130963684352,2.2302955627441405,0.8996627944026236,0.03357344251126046,0.0,0.0,0.0,train,5
Armenia,1988,0.6206924676895141,0.16948130963684352,2.2302955627441405,0.8996627944026236,0.03357344251126046,0.0,0.0,0.0,train,5
Armenia,1992,0.6206924676895141,0.16948130963684352,2.2302955627441405,0.8996627944026236,0.03357344251126046,0.0,0.0,0.0,train,5
Armenia,1996,0.6206924676895141,0.16948130963684352,2.2302955627441405,0.8996627944026236,0.03357344251126046,1.0,2.0,0.0,train,5
Armenia,2000,0.8339934349060059,0.17544591933278264,2.944828987121582,0.986896445605969,0.03357344251126046,0.0,1.0,0.0,train,5
Armenia,2004,0.8079472541809082,0.1579017361605035,2.863251781463623,0.9147278907890198,0.03357344251126046,0.0,0.0,0.0,train,5
Armenia,2008,0.753896975517273,0.14168717056702454,2.680972385406494,0.8431571533693185,0.03357344251126046,0.0,5.0,0.0,train,5
Armenia,2012,0.8906654834747314,0.22383587872601407,3.1424270629882813,1.102481617266884,0.03357344251126046,0.0,2.0,0.0,train,5
Armenia,2016,0.8938130855560302,0.20651140347413327,3.158779430389404,1.0473861603658035,0.03357344251126046,1.0,4.0,0.0,train,5
Armenia,2020,1.159259843826294,0.21105430543023526,4.024370574951172,1.110444014568989,0.03357344251126046,0.0,4.0,0.0,val,5
Armenia,2024,1.0987194061279297,0.20172495264506443,3.8294316291809083,1.0729818896780474,0.03357344251126046,0.0,4.0,0.0,val,5
Australia,1964,10.809184455871582,0.78140362385719,32.51786346435547,1.6250837044710733,0.08726975582540031,6.0,18.0,0.0,train,5
Australia,1968,10.492999076843262,1.6318177127190738,31.723006439208984,3.4103174379083967,0.07535599730908868,5.0,17.0,0.0,train,5
Australia,1972,6.886819839477539,0.8276830463765245,21.872144317626955,1.3336490445484501,0.07178510576486583,8.0,17.0,0.0,train,5
Australia,1976,6.678030776977539,0.6616594497046521,21.15471839904785,1.0580956683735225,0.0669808886945247,0.0,5.0,0.0,train,5
Australia,1980,4.346621179580689,0.4477896701115456,14.573502349853516,0.5173657539073042,0.07100574038922783,2.0,9.0,0.0,train,5
Australia,1984,3.385279417037964,0.2348364414977682,11.62067985534668,0.21927411645196415,0.07275880090892314,4.0,24.0,0.0,train,5
Australia,1988,4.0185857772827145,0.348114595660458,13.580774879455566,1.752300897426965,0.07234832718968388,3.0,14.0,0.0,train,5
Australia,1992,4.655447387695313,0.1243751517521985,15.543211746215821,0.9843756228334164,0.07292655184864993,7.0,27.0,0.0,train,5
Australia,1996,7.981788539886475,1.022663569692423,24.694076919555663,3.3207642601491383,0.07540152929723258,9.0,41.0,0.0,train,5
Australia,2000,11.536563110351562,1.8239068616312526,33.98490219116211,4.883790160073792,0.082887714728713,16.0,58.0,1.0,train,5
Australia,2004,18.3654052734375,0.62242667455793,51.723184204101564,2.019006179112008,0.09060801044106478,17.0,50.0,0.0,train,5
Australia,2008,21.88250732421875,0.8255014396854149,60.80520248413086,1.9144241795501138,0.0705970864742994,14.0,46.0,0.0,train,5
Australia,2012,22.987114715576173,1.7483484348228768,63.69016342163086,3.5954527830687364,0.05793745182454583,8.0,35.0,0.0,train,5
Australia,2016,18.733064651489258,2.086127175644968,52.90238265991211,4.048924097612045,0.0543777203187346,8.0,29.0,0.0,train,5
Australia,2020,14.237295341491699,1.8003544550370425,41.24702529907226,3.5105738193887923,0.05363572444766753,17.0,46.0,0.0,val,5
Australia,2024,14.883525848388672,1.2730041475088798,42.72383346557617,2.3601379380528935,0.05067846830934279,18.0,53.0,0.0,val,5
Austria,1964,0.960435938835144,0.18049194316521514,3.3696635246276854,1.0092545968916404,0.03357344251126046,0.0,0.0,0.0,train,5
Austria,1968,0.8111027956008912,0.1460250957279331,2.875922107696533,0.872740738577151,0.03357344251126046,0.0,4.0,0.0,train,5
Austria,1972,0.917020297050476,0.18002446330361926,3.2285337448120117,0.9841038180091549,0.03357344251126046,0.0,3.0,0.0,train,5
Austria,1976,0.9075711250305176,0.21470026180921412,3.203053855895996,1.0755932551765415,0.03357344251126046,0.0,1.0,0.0,train,5
Austria,1980,0.8755735397338867,0.1842233948403888,3.1017328262329102,0.9691336440827698,0.03357344251126046,1.0,4.0,0.0,train,5
Austria,1984,1.0601068019866944,0.204966617444107,3.6943821907043457,1.0861949122921604,0.03357344251126046,1.0,3.0,0.0,train,5
Austria,1988,1.1488246679306031,0.17875184456918594,3.980368232727051,1.0393839533504041,0.03357344251126046,1.0,1.0,0.0,train,5
Austria,1992,1.144014573097229,0.11889049362109798,3.9647903442382812,0.8644290327046866,0.03357344251126046,0.0,2.0,0.0,train,5
Austria,1996,0.955597972869873,0.13428746355198565,3.35396671295166,0.8662958554038888,0.03357344251126046,0.0,3.0,0.0,train,5
Austria,2000,0.9115314245223999,0.17566842808778504,3.211737632751465,0.9705025219877932,0.03357344251126046,2.0,3.0,0.0,train,5
Austria,2004,1.1919504880905152,0.1932849079784081,4.116157054901123,1.091798285626868,0.03357344251126046,2.0,7.0,0.0,train,5
Austria,2008,1.6519761085510254,0.20817260742931384,5.576764678955078,1.2165414076452623,0.03357344251126046,0.0,3.0,0.0,train,5
Austria,2012,1.4198973417282104,0.12230345404654323,4.8594612121582035,0.8821177470711601,0.03357344251126046,0.0,0.0,0.0,train,5
Austria,2016,1.027283215522766,0.12377031970611624,3.5979334831237795,0.7874419719625757,0.03357344251126046,0.0,1.0,0.0,train,5
Austria,2020,0.7424118757247925,0.17592843860388568,2.6478272438049317,0.9308571565692675,0.03357344251126046,1.0,7.0,0.0,val,5
Austria,2024,1.145458984375,0.2538144512996754,3.970181179046631,1.2472510072751297,0.03357344251126046,2.0,5.0,0.0,val,5
Azerbaijan,1964,0.6206924676895141,0.16948130963684352,2.2302955627441405,0.8996627944026236,0.03357344251126046,0.0,0.0,0.0,train,5
Azerbaijan,1968,0.6206924676895141,0.16948130963684352,2.2302955627441405,0.8996627944026236,0.03357344251126046,0.0,0.0,0.0,train,5
Azerbaijan,1972,0.6206924676895141,0.16948130963684352,2.2302955627441405,0.8996627944026236,0.03357344251126046,0.0,0.0,0.0,train,5
Azerbaijan,1976,0.6206924676895141,0.16948130963684352,2.2302955627441405,0.8996627944026236,0.03357344251126046,0.0,0.0,0.0,train,5
Azerbaijan,1980,0.6206924676895141,0.16948130963684352,2.2302955627441405,0.8996627944026236,0.03357344251126046,0.0,0.0,0.0,train,5
Azerbaijan,1984,0.6206924676895141,0.16948130963684352,2.2302955627441405,0.8996627944026236,0.03357344251126046,0.0,0.0,0.0,train,5
Azerbaijan,1988,0.6206924676895141,0.16948130963684352,2.2302955627441405,0.8996627944026236,0.03357344251126046,0.0,0.0,0.0,train,5
Azerbaijan,1992,0.6206924676895141,0.16948130963684352,2.2302955627441405,0.8996627944026236,0.03357344251126046,0.0,0.0,0.0,train,5
Azerbaijan,1996,0.6206924676895141,0.16948130963684352,2.2302955627441405,0.8996627944026236,0.03357344251126046,0.0,1.0,0.0,train,5
Azerbaijan,2000,0.6676949024200439,0.1798028624525253,2.3903839111328127,0.9376466183522708,0.03357344251126046,2.0,3.0,0.0,train,5
Azerbaijan,2004,1.0549384832382203,0.1832623407248093,3.6636013984680176,1.058409493612702,0.03357344251126046,1.0,5.0,0.0,train,5
Azerbaijan,2008,1.3094268798828126,0.17477586262448128,4.49457311630249,1.0687986815309853,0.03357344251126046,1.0,6.0,0.0,train,5
Azerbaijan,2012,1.561672616004944,0.16449664283679932,5.306677150726318,1.0625832604111072,0.03357344251126046,2.0,9.0,0.0,train,5
Azerbaijan,2016,1.970405101776123,0.2666394541713649,6.592250728607178,1.4004358347415822,0.03357344251126046,1.0,18.0,0.0,train,5
Azerbaijan,2020,2.7493796825408934,0.4219576919435106,9.04016752243042,1.966084084002854,0.03357344251126046,0.0,7.0,0.0,val,5
Azerbaijan,2024,2.389462947845459,0.30456231503474324,7.961865520477295,1.5384425602498941,0.03357344251126046,2.0,7.0,0.0,val,5
Bahamas,1964,0.6543103933334351,0.17200575097891496,2.345773696899414,0.9109589525521297,0.03357344251126046,1.0,1.0,0.0,train,5
Bahamas,1968,0.8096150875091552,0.1629371437578559,2.8640886306762696,0.9452855360158181,0.03357344251126046,0.0,0.0,0.0,train,5
Bahamas,1972,0.7248416185379029,0.14545758521943367,2.57936372756958,0.8675145975297976,0.03357344251126046,0.0,0.0,0.0,train,5
Bahamas,1976,0.6938234806060791,0.14020308121268288,2.4745019912719726,0.8364977738836858,0.03357344251126046,0.0,0.0,0.0,train,5
Bahamas,1980,0.6206924676895141,0.16948130963684352,2.2302955627441405,0.8996627944026236,0.03357344251126046,0.0,0.0,0.0,train,5
Bahamas,1984,0.6206924676895141,0.16948130963684352,2.2302955627441405,0.8996627944026236,0.03357344251126046,0.0,0.0,0.0,train,5
Bahamas,1988,0.6206924676895141,0.16948130963684352,2.2302955627441405,0.8996627944026236,0.03357344251126046,0.0,0.0,0.0,train,5
Bahamas,1992,0.6206924676895141,0.16948130963684352,2.2302955627441405,0.8996627944026236,0.03357344251126046,0.0,1.0,0.0,train,5
Bahamas,1996,0.6676949024200439,0.1798028624525253,2.3903839111328127,0.9376466183522708,0.03357344251126046,0.0,1.0,0.0,train,5
Bahamas,2000,0.7015465259552002,0.1823306339789058,2.506655788421631,0.9495006974017731,0.03357344251126046,2.0,3.0,0.0,train,5
Bahamas,2004,1.083069396018982,0.18292715777009577,3.7565990447998048,1.0572856616002275,0.03357344251126046,1.0,2.0,0.0,train,5
Bahamas,2008,1.136468505859375,0.13321169111714756,3.9340818405151365,0.9310842562375968,0.03357344251126046,0.0,2.0,0.0,train,5
Bahamas,2012,1.0538411378860473,0.1127341233792698,3.6728172302246094,0.8123667944477624,0.03357344251126046,1.0,1.0,0.0,train,5
Bahamas,2016,0.961859130859375,0.1392363518466035,3.370494747161865,0.9001996190503297,0.03357344251126046,1.0,2.0,0.0,train,5
Bahamas,2020,1.0006777763366699,0.14906821793751796,3.4958517074584963,0.946220132020026,0.03357344251126046,2.0,2.0,0.0,val,5
Bahamas,2024,1.20636088848114,0.11582121739307208,4.14893684387207,0.9146948209344101,0.03357344251126046,0.0,0.0,0.0,val,5
Belarus,1964,0.6206924676895141,0.16948130963684352,2.2302955627441405,0.8996627944026236,0.03357344251126046,0.0,0.0,0.0,train,5
Belarus,1968,0.6206924676895141,0.16948130963684352,2.2302955627441405,0.8996627944026236,0.03357344251126046,0.0,0.0,0.0,train,5
Belarus,1972,0.6206924676895141,0.16948130963684352,2.2302955627441405,0.8996627944026236,0.03357344251126046,0.0,0.0,0.0,train,5
Belarus,1976,0.6206924676895141,0.16948130963684352,2.2302955627441405,0.8996627944026236,0.03357344251126046,0.0,0.0,0.0,train,5
Belarus,1980,0.6206924676895141,0.16948130963684352,2.2302955627441405,0.8996627944026236,0.03357344251126046,0.0,0.0,0.0,train,5
Belarus,1984,0.6206924676895141,0.16948130963684352,2.2302955627441405,0.8996627944026236,0.03357344251126046,0.0,0.0,0.0,train,5
Belarus,1988,0.6206924676895141,0.16948130963684352,2.2302955627441405,0.8996627944026236,0.03357344251126046,0.0,0.0,0.0,train,5
Belarus,1992,0.6206924676895141,0.16948130963684352,2.2302955627441405,0.8996627944026236,0.03357344251126046,0.0,0.0,0.0,train,5
Belarus,1996,0.6206924676895141,0.16948130963684352,2.2302955627441405,0.8996627944026236,0.03357344251126046,1.0,15.0,0.0,train,5
Belarus,2000,1.6016594171524048,0.4032868962305612,5.432735729217529,1.7427493126178872,0.03357344251126046,3.0,17.0,0.0,train,5
Belarus,2004,2.9367125034332275,0.5198707555194819,9.586186981201172,2.2454318259577457,0.03357344251126046,2.0,13.0,0.0,train,5
Belarus,2008,3.5774354457855226,0.31136582837104,11.558176803588868,1.7139218861170913,0.03357344251126046,3.0,14.0,0.0,train,5
Belarus,2012,3.76792049407959,0.24555299973710118,12.102755165100097,1.5160419561881588,0.03357344251126046,2.0,10.0,0.0,train,5
Belarus,2016,3.1701917171478273,0.23958326700681226,10.322686195373535,1.472953511194043,0.03357344251126046,1.0,9.0,0.0,train,5
Belarus,2020,2.6859299659729006,0.21387921071179108,8.852345752716065,1.3081519562666435,0.03357344251126046,1.0,7.0,0.0,val,5
Belarus,2024,2.0971530437469483,0.2262789591148027,7.015023612976075,1.2708194323952646,0.03357344251126046,0.0,0.0,0.0,val,5
Belgium,1964,1.476989459991455,0.13641898275453307,6.008687973022461,0.34013521331421004,0.09911554493010041,2.0,3.0,0.0,train,5
Belgium,1968,1.5923394203186034,0.14166858110118657,6.3839240074157715,0.3481627705483446,0.09983032345771785,0.0,2.0,0.0,train,5
Belgium,1972,1.442509126663208,0.15056673053739913,5.972132587432862,0.3595503004617446,0.10292903557419772,0.0,2.0,0.0,train,5
Belgium,1976,1.3152796030044556,0.16516394070840487,5.610811519622803,0.4145662623651069,0.1053380940109491,0.0,6.0,0.0,train,5
Belgium,1980,1.374221420288086,0.16991623045367923,5.8796491622924805,0.1711638469651458,0.10718966871500009,1.0,1.0,0.0,train,5
Belgium,1984,1.384172248840332,0.16381033332854153,5.920347404479981,0.2607829466719299,0.10792220681905744,1.0,4.0,0.0,train,5
Belgium,1988,1.5373194932937622,0.1696701267528409,6.429911518096924,0.27950324331642035,0.10852782391011713,0.0,2.0,0.0,train,5
Belgium,1992,1.3177400827407837,0.19429898568723644,5.748451137542725,0.4322712525425257,0.1095585014671087,0.0,3.0,0.0,train,5
Belgium,1996,1.283169722557068,0.19283031219619368,5.68221435546875,0.3731872220217739,0.11035078465938564,2.0,6.0,0.0,train,5
Belgium,2000,1.6324344396591186,0.16869071797815682,6.804928493499756,0.14340609633376386,0.11023274362087246,0.0,5.0,0.0,train,5
Belgium,2004,1.6134421825408936,0.19317802206462212,6.7849907875061035,0.26581002731490205,0.110838932916522,1.0,3.0,0.0,train,5
Belgium,2008,1.6310503482818604,0.2200401187574486,6.839278984069824,0.4305313039331212,0.11103265807032581,2.0,2.0,0.0,train,5
Belgium,2012,1.5635717153549193,0.20715840293423882,6.600615119934082,0.40425901371973966,0.11091980673372741,0.0,3.0,0.0,train,5
Belgium,2016,1.3835987329483033,0.2376109898088448,6.04073543548584,0.5717565785281223,0.11134819239377972,2.0,6.0,0.0,train,5
Belgium,2020,1.7199752569198608,0.2068790915983052,7.121836471557617,0.339211910154064,0.11124207302927969,3.0,7.0,0.0,val,5
Belgium,2024,2.155597686767578,0.18654016902107942,8.506468772888184,0.20224983523377263,0.11088707409799095,3.0,10.0,0.0,val,5
Brazil,1964,0.955597972869873,0.13428746355198565,3.35396671295166,0.8662958554038888,0.03357344251126046,0.0,1.0,0.0,train,5
Brazil,1968,0.8109899759292603,0.15474999994590602,2.875356101989746,0.8924059992660948,0.03357344251126046,0.0,3.0,0.0,train,5
Brazil,1972,0.8499950647354126,0.20146587127848672,3.0106640815734864,1.0272554497323725,0.03357344251126046,0.0,2.0,0.0,train,5
Brazil,1976,0.8457338333129882,0.19758174581874416,2.997811508178711,1.0147182276099578,0.03357344251126046,0.0,2.0,0.0,train,5
Brazil,1980,0.8621526956558228,0.19244020429652664,3.054147148132324,0.9976294839077854,0.03357344251126046,2.0,4.0,0.0,train,5
Brazil,1984,1.2088051795959474,0.20371818621273913,4.17017297744751,1.1250104931106004,0.03357344251126046,1.0,8.0,0.0,train,5
Brazil,1988,1.5712118864059448,0.23380799176212128,5.337680530548096,1.2658894169266597,0.03357344251126046,1.0,6.0,0.0,train,5
Brazil,1992,1.743477988243103,0.1890379149921237,5.888708400726318,1.14269758226747,0.03357344251126046,2.0,3.0,0.0,train,5
Brazil,1996,1.6854520320892334,0.16118866745486538,5.698231410980225,1.0540356270930595,0.03357344251126046,3.0,15.0,0.0,train,5
Brazil,2000,2.5680942058563234,0.3303300012926068,8.434152984619141,1.686678833128795,0.03357344251126046,0.0,12.0,0.0,train,5
Brazil,2004,2.5612605094909666,0.29758495384566225,8.46536111831665,1.5873498949827105,0.03357344251126046,5.0,10.0,0.0,train,5
Brazil,2008,3.416385364532471,0.2549606000838314,11.036755561828613,1.532070580995642,0.03357344251126046,3.0,17.0,0.0,train,5
Brazil,2012,4.7979514598846436,1.4700840862022437,14.73866539001465,4.4459183036345395,0.03559492100030178,3.0,17.0,0.0,train,5
Brazil,2016,6.262124347686767,2.2015055746426255,18.656822776794435,5.876004713850705,0.042950436100363684,7.0,19.0,1.0,train,5
Brazil,2020,7.343914604187011,0.6789545390540647,23.010891723632813,2.256644724712378,0.1068490128964185,7.0,21.0,0.0,val,5
Brazil,2024,7.635320472717285,0.3041729145380782,23.873464584350586,0.856797840707971,0.0856293205171823,3.0,20.0,0.0,val,5
Bulgaria,1964,1.4281960487365724,0.24989065528739512,4.888261127471924,1.2851928698341615,0.03357344251126046,3.0,10.0,0.0,train,5
Bulgaria,1968,2.2643224239349364,0.29340181305817103,7.498354244232178,1.5291835871660322,0.03357344251126046,2.0,9.0,0.0,train,5
Bulgaria,1972,2.4939289569854735,0.24124481301931844,8.2251371383667,1.42011020264526,0.03357344251126046,6.0,21.0,0.0,train,5
Bulgaria,1976,4.310074806213379,0.2966015981105167,13.597725677490235,1.6743778616720393,0.03357344251126046,6.0,22.0,0.0,train,5
Bulgaria,1980,5.647006416320801,0.25574663913028134,17.426113891601563,1.4367376319618388,0.03357344251126046,8.0,41.0,0.0,train,5
Bulgaria,1984,9.225309753417969,0.5343960332536304,27.347411346435546,1.4234131532502707,0.03357344251126046,0.0,0.0,0.0,train,5
Bulgaria,1988,5.963227558135986,0.521690966367238,18.406218338012696,1.1907153244513575,0.03357344251126046,10.0,35.0,0.0,train,5
Bulgaria,1992,8.080139923095704,0.45478418305732476,24.227141189575196,1.182048410940031,0.03357344251126046,3.0,16.0,0.0,train,5
Bulgaria,1996,5.556818294525146,0.27293427967750566,17.182583618164063,1.5258386417635204,0.03357344251126046,3.0,15.0,0.0,train,5
Bulgaria,2000,6.419967174530029,0.7060157310041767,19.69103546142578,1.4807991180812,0.03357344251126046,5.0,13.0,0.0,train,5
Bulgaria,2004,4.307217025756836,0.2175423462432909,13.634903526306152,1.3750848308873687,0.03357344251126046,2.0,12.0,0.0,train,5
Bulgaria,2008,3.759334087371826,0.19672395870521397,12.068964385986328,1.281556985953049,0.03357344251126046,1.0,5.0,0.0,train,5
Bulgaria,2012,2.673206901550293,0.16898466793748843,8.795156955718994,0.9914698559748801,0.03357344251126046,0.0,3.0,0.0,train,5
Bulgaria,2016,1.5531959533691406,0.15105581748379526,5.3068013191223145,0.919564196088039,0.03357344251126046,0.0,3.0,0.0,train,5
Bulgaria,2020,1.0665500164031982,0.17874136160508433,3.7279993057250977,0.9810823486710719,0.03357344251126046,3.0,6.0,0.0,val,5
Bulgaria,2024,1.5553194046020509,0.24612115584336475,5.270654296875,1.2961823606386498,0.03357344251126046,3.0,7.0,0.0,val,5
Cameroon,1964,0.6206924676895141,0.16948130963684352,2.2302955627441405,0.8996627944026236,0.03357344251126046,0.0,0.0,0.0,train,5
Cameroon,1968,0.6206924676895141,0.16948130963684352,2.2302955627441405,0.8996627944026236,0.03357344251126046,0.0,1.0,0.0,train,5
Cameroon,1972,0.6676949024200439,0.1798028624525253,2.3903839111328127,0.9376466183522708,0.03357344251126046,0.0,0.0,0.0,train,5
Cameroon,1976,0.6543103933334351,0.17200575097891496,2.345773696899414,0.9109589525521297,0.03357344251126046,0.0,0.0,0.0,train,5
Cameroon,1980,0.645011568069458,0.16808819834581176,2.3141171455383303,0.8970605231605525,0.03357344251126046,0.0,0.0,0.0,train,5
Cameroon,1984,0.6206924676895141,0.16948130963684352,2.2302955627441405,0.8996627944026236,0.03357344251126046,0.0,1.0,0.0,train,5
Cameroon,1988,0.6676949024200439,0.1798028624525253,2.3903839111328127,0.9376466183522708,0.03357344251126046,0.0,0.0,0.0,train,5
Cameroon,1992,0.6543103933334351,0.17200575097891496,2.345773696899414,0.9109589525521297,0.03357344251126046,0.0,0.0,0.0,train,5
Cameroon,1996,0.645011568069458,0.16808819834581176,2.3141171455383303,0.8970605231605525,0.03357344251126046,0.0,0.0,0.0,train,5
Cameroon,2000,0.6206924676895141,0.16948130963684352,2.2302955627441405,0.8996627944026236,0.03357344251126046,1.0,1.0,0.0,train,5
Cameroon,2004,0.7846160411834717,0.16441871517761913,2.7780320167541506,0.9481708872350961,0.03357344251126046,1.0,1.0,0.0,train,5
Cameroon,2008,0.8936330556869507,0.14006744039028937,3.139597511291504,0.9146866311454667,0.03357344251126046,1.0,1.0,0.0,train,5
Cameroon,2012,0.9746443271636963,0.11197894662400595,3.404343032836914,0.851239382814942,0.03357344251126046,0.0,1.0,0.0,train,5
Cameroon,2016,0.84924476146698,0.12686668229491005,2.9974596977233885,0.8388833057819189,0.03357344251126046,0.0,0.0,0.0,train,5
Cameroon,2020,0.7281297206878662,0.14259085396848079,2.592277717590332,0.8460549143052539,0.03357344251126046,0.0,0.0,0.0,val,5
Cameroon,2024,0.645011568069458,0.16808819834581176,2.3141171455383303,0.8970605231605525,0.03357344251126046,0.0,0.0,0.0,val,5
Canada,1964,1.1930619478225708,0.1215042550362089,4.131016826629638,0.848569055803706,0.03357344251126046,1.0,4.0,0.0,train,5
Canada,1968,1.2720407485961913,0.1454700079915814,4.3806352615356445,0.9383108516776616,0.03357344251126046,1.0,5.0,0.0,train,5
Canada,1972,2.3437565565109253,1.319345849870852,7.200261783599854,3.6814918794821145,0.03559492100030178,0.0,5.0,0.0,train,5
Canada,1976,3.167705702781677,2.010700858600643,9.316863250732421,5.091946435459003,0.042950436100363684,0.0,11.0,1.0,train,5
Canada,1980,3.3516475915908814,1.801783251839292,9.69994306564331,4.523180402373021,0.04056340176612136,0.0,0.0,0.0,train,5
Canada,1984,1.9547106504440308,0.7585321813730324,5.838828754425049,2.175107543310911,0.03300515469163649,10.0,44.0,0.0,train,5
Canada,1988,6.126022052764893,0.8974994010728172,18.329831695556642,2.915102440389346,0.028391491807997177,3.0,10.0,0.0,train,5
Canada,1992,5.547917747497559,0.45489189976554506,16.872822761535645,2.0014583907965586,0.0273242929950356,7.0,18.0,0.0,train,5
Canada,1996,7.602825355529785,0.7280770912902214,22.630146789550782,1.672379042886918,0.0273242929950356,3.0,22.0,0.0,train,5
Canada,2000,4.900161647796631,0.339028503022699,15.057889366149903,1.754542530229286,0.0273242929950356,3.0,14.0,0.0,train,5
Canada,2004,4.8727617263793945,0.3186484848208514,15.018115615844726,1.458187819937517,0.0273242929950356,3.0,12.0,0.0,train,5
Canada,2008,3.8764280319213866,0.3590809231026636,12.157925796508788,1.8031512636743525,0.0273242929950356,3.0,20.0,0.0,train,5
Canada,2012,3.9362089157104494,0.4458435260233658,12.303835487365722,2.0712693619437905,0.0273242929950356,2.0,18.0,0.0,train,5
Canada,2016,3.995115041732788,0.45515899970935425,12.49955348968506,2.0989290312874562,0.0273242929950356,4.0,22.0,0.0,train,5
Canada,2020,4.849449539184571,0.4407670216602652,14.952466201782226,2.0260788372278697,0.0273242929950356,7.0,24.0,0.0,val,5
Canada,2024,6.042184162139892,0.38870940366195056,18.27459831237793,1.8567532966675355,0.0273242929950356,9.0,27.0,0.0,val,5
Chile,1964,0.8090996503829956,0.17839643621804108,2.877858543395996,0.9447517085025001,0.03357344251126046,0.0,0.0,0.0,train,5
Chile,1968,0.7204080581665039,0.16489434024696936,2.5738840103149414,0.8905065354518744,0.03357344251126046,0.0,0.0,0.0,train,5
Chile,1972,0.6206924676895141,0.16948130963684352,2.2302955627441405,0.8996627944026236,0.03357344251126046,0.0,0.0,0.0,train,5
Chile,1976,0.6206924676895141,0.16948130963684352,2.2302955627441405,0.8996627944026236,0.03357344251126046,0.0,0.0,0.0,train,5
Chile,1980,0.6206924676895141,0.16948130963684352,2.2302955627441405,0.8996627944026236,0.03357344251126046,0.0,0.0,0.0,train,5
Chile,1984,0.6206924676895141,0.16948130963684352,2.2302955627441405,0.8996627944026236,0.03357344251126046,0.0,0.0,0.0,train,5
Chile,1988,0.6206924676895141,0.16948130963684352,2.2302955627441405,0.8996627944026236,0.03357344251126046,0.0,1.0,0.0,train,5
Chile,1992,0.6676949024200439,0.1798028624525253,2.3903839111328127,0.9376466183522708,0.03357344251126046,0.0,0.0,0.0,train,5
Chile,1996,0.6543103933334351,0.17200575097891496,2.345773696899414,0.9109589525521297,0.03357344251126046,0.0,0.0,0.0,train,5
Chile,2000,0.645011568069458,0.16808819834581176,2.3141171455383303,0.8970605231605525,0.03357344251126046,0.0,1.0,0.0,train,5
Chile,2004,0.6676949024200439,0.1798028624525253,2.3903839111328127,0.9376466183522708,0.03357344251126046,2.0,3.0,0.0,train,5
Chile,2008,1.0549384832382203,0.1832623407248093,3.6636013984680176,1.058409493612702,0.03357344251126046,0.0,1.0,0.0,train,5
Chile,2012,0.949938440322876,0.1339988432227139,3.334035110473633,0.8783259645989236,0.03357344251126046,0.0,0.0,0.0,train,5
Chile,2016,0.8335616827011109,0.11695555073619136,2.9466346740722655,0.781471334616762,0.03357344251126046,0.0,0.0,0.0,train,5
Chile,2020,0.645011568069458,0.16808819834581176,2.3141171455383303,0.8970605231605525,0.03357344251126046,0.0,0.0,0.0,val,5
Chile,2024,0.6206924676895141,0.16948130963684352,2.2302955627441405,0.8996627944026236,0.03357344251126046,1.0,2.0,0.0,val,5
China,1964,0.6206924676895141,0.16948130963684352,2.2302955627441405,0.8996627944026236,0.03357344251126046,0.0,0.0,0.0,train,5
China,1968,0.6206924676895141,0.16948130963684352,2.2302955627441405,0.8996627944026236,0.03357344251126046,0.0,0.0,0.0,train,5
China,1972,0.6206924676895141,0.16948130963684352,2.2302955627441405,0.8996627944026236,0.03357344251126046,0.0,0.0,0.0,train,5
China,1976,0.6206924676895141,0.16948130963684352,2.2302955627441405,0.8996627944026236,0.03357344251126046,0.0,0.0,0.0,train,5
China,1980,0.6206924676895141,0.16948130963684352,2.2302955627441405,0.8996627944026236,0.03357344251126046,0.0,0.0,0.0,train,5
China,1984,0.6206924676895141,0.16948130963684352,2.2302955627441405,0.8996627944026236,0.03357344251126046,15.0,32.0,0.0,train,5
China,1988,5.600521659851074,0.6202225596400013,17.08368034362793,2.350307714218046,0.03357344251126046,5.0,28.0,0.0,train,5
China,1992,7.7611486434936525,0.35479135830865605,23.314629745483398,1.263239223825581,0.03357344251126046,16.0,54.0,0.0,train,5
China,1996,15.491705322265625,1.4165158728718206,43.87113494873047,2.9094083812009384,0.03357344251126046,16.0,50.0,0.0,train,5
China,2000,17.794847106933595,0.988348966715143,49.77287216186524,2.009990846558732,0.03357344251126046,28.0,58.0,0.0,train,5
China,2004,26.180699157714844,0.7299979330279417,70.96977996826172,2.3023861178241725,0.03559492100030178,32.0,63.0,0.0,train,5
China,2008,30.164081573486328,1.5790788643342961,80.95335235595704,4.107738463482058,0.042950436100363684,48.0,100.0,1.0,train,5
China,2012,35.143943786621094,0.9389786502639945,94.29850311279297,3.1153841249812038,0.07136169411242003,39.0,92.0,0.0,train,5
China,2016,35.927574157714844,0.6281321609362197,96.4438247680664,2.8333750695628916,0.05516748465597624,26.0,70.0,0.0,train,5
China,2020,35.480262756347656,0.6333265411573444,95.42812652587891,2.659163492633388,0.04631237573921676,38.0,89.0,0.0,val,5
China,2024,34.036058807373045,0.7591811869057253,91.69243774414062,2.7770974359210374,0.04239744581282134,40.0,91.0,0.0,val,5
Chinese Taipei,1964,0.6676949024200439,0.1798028624525253,2.3903839111328127,0.9376466183522708,0.03357344251126046,0.0,0.0,0.0,train,5
Chinese Taipei,1968,0.6543103933334351,0.17200575097891496,2.345773696899414,0.9109589525521297,0.03357344251126046,0.0,1.0,0.0,train,5
Chinese Taipei,1972,0.6921931028366088,0.1783568057018936,2.4748106956481934,0.9351769426412802,0.03357344251126046,0.0,0.0,0.0,train,5
Chinese Taipei,1976,0.6543103933334351,0.17200575097891496,2.345773696899414,0.9109589525521297,0.03357344251126046,0.0,0.0,0.0,train,5
Chinese Taipei,1980,0.645011568069458,0.16808819834581176,2.3141171455383303,0.8970605231605525,0.03357344251126046,0.0,0.0,0.0,train,5
Chinese Taipei,1984,0.6206924676895141,0.16948130963684352,2.2302955627441405,0.8996627944026236,0.03357344251126046,0.0,1.0,0.0,train,5
Chinese Taipei,1988,0.6676949024200439,0.1798028624525253,2.3903839111328127,0.9376466183522708,0.03357344251126046,0.0,0.0,0.0,train,5
Chinese Taipei,1992,0.6543103933334351,0.17200575097891496,2.345773696899414,0.9109589525521297,0.03357344251126046,0.0,1.0,0.0,train,5
Chinese Taipei,1996,0.6921931028366088,0.1783568057018936,2.4748106956481934,0.9351769426412802,0.03357344251126046,0.0,1.0,0.0,train,5
Chinese Taipei,2000,0.7015465259552002,0.1823306339789058,2.506655788421631,0.9495006974017731,0.03357344251126046,0.0,5.0,0.0,train,5
Chinese Taipei,2004,0.9273058891296386,0.2279247604566538,3.2652804374694826,1.1187537942617574,0.03357344251126046,2.0,5.0,0.0,train,5
Chinese Taipei,2008,1.3647470474243164,0.23889754804718127,4.6774757385253904,1.246945463421289,0.03357344251126046,1.0,4.0,0.0,train,5
Chinese Taipei,2012,1.4679458141326904,0.1751893207539399,5.014072227478027,1.070305359385506,0.03357344251126046,1.0,2.0,0.0,train,5
Chinese Taipei,2016,1.3410008668899536,0.1117313171054326,4.597803783416748,0.8507691805213617,0.03357344251126046,1.0,3.0,0.0,train,5
Chinese Taipei,2020,1.215229296684265,0.13832128975208693,4.193423557281494,0.9305421066579229,0.03357344251126046,2.0,12.0,0.0,val,5
Chinese Taipei,2024,1.9200894594192506,0.300959749815652,6.42225456237793,1.499036063893431,0.03357344251126046,2.0,7.0,0.0,val,5
Colombia,1964,0.6206924676895141,0.16948130963684352,2.2302955627441405,0.8996627944026236,0.03357344251126046,0.0,0.0,0.0,train,5
Colombia,1968,0.6206924676895141,0.16948130963684352,2.2302955627441405,0.8996627944026236,0.03357344251126046,0.0,0.0,0.0,train,5
Colombia,1972,0.6206924676895141,0.16948130963684352,2.2302955627441405,0.8996627944026236,0.03357344251126046,0.0,3.0,0.0,train,5
Colombia,1976,0.763663935661316,0.20103772114811508,2.7169331550598144,1.0173560760256037,0.03357344251126046,0.0,0.0,0.0,train,5
Colombia,1980,0.7230955362319946,0.1775823565396344,2.5819607734680177,0.9354899340930358,0.03357344251126046,0.0,0.0,0.0,train,5
Colombia,1984,0.6948657751083374,0.16578815103579772,2.4859005928039553,0.8924748526993088,0.03357344251126046,0.0,1.0,0.0,train,5
Colombia,1988,0.6676949024200439,0.1798028624525253,2.3903839111328127,0.9376466183522708,0.03357344251126046,0.0,1.0,0.0,train,5
Colombia,1992,0.7015465259552002,0.1823306339789058,2.506655788421631,0.9495006974017731,0.03357344251126046,0.0,1.0,0.0,train,5
Colombia,1996,0.7262634754180908,0.18093037222940378,2.5918365478515626,0.9471471928457222,0.03357344251126046,0.0,0.0,0.0,train,5
Colombia,2000,0.6788471698760986,0.170662544658157,2.4303449630737304,0.9084849222595961,0.03357344251126046,1.0,1.0,0.0,train,5
Colombia,2004,0.8096150875091552,0.1629371437578559,2.8640886306762696,0.9452855360158181,0.03357344251126046,0.0,2.0,0.0,train,5
Colombia,2008,0.8210357666015625,0.16514289126349818,2.906629276275635,0.9402534322782223,0.03357344251126046,0.0,3.0,0.0,train,5
Colombia,2012,0.9115314245223999,0.17566842808778504,3.211737632751465,0.9705025219877932,0.03357344251126046,1.0,9.0,0.0,train,5
Colombia,2016,1.406675100326538,0.3009952433482649,4.824438762664795,1.4214985058740284,0.03357344251126046,3.0,8.0,0.0,train,5
Colombia,2020,2.0781301498413085,0.3104109627372022,6.920756721496582,1.5440961789039291,0.03357344251126046,0.0,5.0,0.0,val,5
Colombia,2024,1.8497251749038697,0.17226679537098485,6.236779403686524,1.0711187136699953,0.03357344251126046,0.0,4.0,0.0,val,5
Croatia,1964,0.6206924676895141,0.16948130963684352,2.2302955627441405,0.8996627944026236,0.03357344251126046,0.0,0.0,0.0,train,5
Croatia,1968,0.6206924676895141,0.16948130963684352,2.2302955627441405,0.8996627944026236,0.03357344251126046,0.0,0.0,0.0,train,5
Croatia,1972,0.6206924676895141,0.16948130963684352,2.2302955627441405,0.8996627944026236,0.03357344251126046,0.0,0.0,0.0,train,5
Croatia,1976,0.6206924676895141,0.16948130963684352,2.2302955627441405,0.8996627944026236,0.03357344251126046,0.0,0.0,0.0,train,5
Croatia,1980,0.6206924676895141,0.16948130963684352,2.2302955627441405,0.8996627944026236,0.03357344251126046,0.0,0.0,0.0,train,5
Croatia,1984,0.6206924676895141,0.16948130963684352,2.2302955627441405,0.8996627944026236,0.03357344251126046,0.0,0.0,0.0,train,5
Croatia,1988,0.6206924676895141,0.16948130963684352,2.2302955627441405,0.8996627944026236,0.03357344251126046,0.0,0.0,0.0,train,5
Croatia,1992,0.6206924676895141,0.16948130963684352,2.2302955627441405,0.8996627944026236,0.03357344251126046,0.0,3.0,0.0,train,5
Croatia,1996,0.763663935661316,0.20103772114811508,2.7169331550598144,1.0173560760256037,0.03357344251126046,1.0,2.0,0.0,train,5
Croatia,2000,0.943914246559143,0.18589359188767102,3.313386821746826,1.026693171215544,0.03357344251126046,1.0,2.0,0.0,train,5
Croatia,2004,1.0696413278579713,0.15384348025793196,3.72333402633667,0.9594748994565602,0.03357344251126046,1.0,5.0,0.0,train,5
Croatia,2008,1.269158625602722,0.1651375414430538,4.365730094909668,1.025376384054971,0.03357344251126046,0.0,5.0,0.0,train,5
Croatia,2012,1.2561548471450805,0.19002586209332842,4.34178466796875,1.0660543971616006,0.03357344251126046,3.0,6.0,0.0,train,5
Croatia,2016,1.7842688798904418,0.2290286527039314,5.994733142852783,1.2729944060940575,0.03357344251126046,5.0,10.0,0.0,train,5
Croatia,2020,2.725636053085327,0.2687233020119002,8.891000080108643,1.5518857285872731,0.03357344251126046,3.0,8.0,0.0,val,5
Croatia,2024,3.008351039886475,0.16254142082663542,9.766432952880859,1.1624133438067923,0.03357344251126046,2.0,7.0,0.0,val,5
Cuba,1964,0.6206924676895141,0.16948130963684352,2.2302955627441405,0.8996627944026236,0.03357344251126046,0.0,1.0,0.0,train,5
Cuba,1968,0.6676949024200439,0.1798028624525253,2.3903839111328127,0.9376466183522708,0.03357344251126046,0.0,4.0,0.0,train,5
Cuba,1972,0.8490195989608764,0.2157220212018859,3.004132556915283,1.0738045194884296,0.03357344251126046,3.0,8.0,0.0,train,5
Cuba,1976,1.6661470174789428,0.29441260736288766,5.618061923980713,1.4444179694067927,0.03357344251126046,6.0,13.0,0.0,train,5
Cuba,1980,3.2133241176605223,0.325200864823272,10.368720054626465,1.7611919106098715,0.03357344251126046,8.0,20.0,0.0,train,5
Cuba,1984,5.413102149963379,0.29012547236558395,16.71021423339844,1.359853416029797,0.03357344251126046,0.0,0.0,0.0,train,5
Cuba,1988,3.716255474090576,0.4095444792214183,11.924906349182129,1.0638810587542185,0.03357344251126046,0.0,0.0,0.0,train,5
Cuba,1992,1.899265170097351,0.27170569755310897,6.365866661071777,0.6731306126969531,0.03357344251126046,14.0,31.0,0.0,train,5
Cuba,1996,5.303811073303223,0.6230574452945582,16.26054401397705,2.3771767827963304,0.03357344251126046,9.0,25.0,0.0,train,5
Cuba,2000,8.156639575958252,0.4011041445957456,24.352381896972656,1.276949350766755,0.03357344251126046,11.0,29.0,0.0,train,5
Cuba,2004,12.398328018188476,1.6804850080893172,35.765585327148436,3.6572943054715346,0.03357344251126046,9.0,27.0,0.0,train,5
Cuba,2008,10.908766174316407,1.264857002490374,31.81494598388672,2.7414693802609578,0.03357344251126046,3.0,30.0,0.0,train,5
Cuba,2012,9.767225074768067,1.1844000792244644,28.871639251708984,2.5464983900308136,0.03357344251126046,5.0,15.0,0.0,train,5
Cuba,2016,7.235260391235352,0.6912287885744378,21.962997817993163,1.4973559489154347,0.03357344251126046,5.0,11.0,0.0,train,5
Cuba,2020,5.30545654296875,0.3512748405847992,16.513618087768556,1.1666711989469127,0.03357344251126046,7.0,15.0,0.0,val,5
Cuba,2024,5.126540851593018,0.3742991712263907,15.926877975463867,1.2729263045210573,0.03357344251126046,2.0,9.0,0.0,val,5
Czech Republic,1964,2.987895059585571,0.201176633945583,9.715511131286622,1.003502421655794,0.03357344251126046,5.0,14.0,0.0,train,5
Czech Republic,1968,3.266764450073242,0.29391309462791526,10.546657752990722,1.6806805883535387,0.03357344251126046,7.0,13.0,0.0,train,5
Czech Republic,1972,4.538662528991699,0.24336020871733544,14.239125633239746,1.332718786461798,0.03357344251126046,2.0,8.0,0.0,train,5
Czech Republic,1976,3.95841064453125,0.33719616569428623,12.622728157043458,1.1190307037084635,0.03357344251126046,2.0,8.0,0.0,train,5
Czech Republic,1980,3.056254577636719,0.22225975276116386,9.937172508239746,0.9933843168107841,0.03357344251126046,2.0,14.0,0.0,train,5
Czech Republic,1984,2.752060890197754,0.3034734415175483,9.03386468887329,1.6346610845620764,0.03357344251126046,0.0,0.0,0.0,train,5
Czech Republic,1988,1.7769403457641602,0.1489817078504532,6.014596271514892,0.9339299454205685,0.03357344251126046,3.0,8.0,0.0,train,5
Czech Republic,1992,2.1018781661987305,0.21615302396298064,6.994624137878418,1.247210039108168,0.03357344251126046,4.0,7.0,0.0,train,5
Czech Republic,1996,2.2432271957397463,0.22431859174940558,7.39467134475708,1.3687565481906998,0.03357344251126046,4.0,11.0,0.0,train,5
Czech Republic,2000,3.200602960586548,0.1787406599411755,10.348780632019043,1.2954736131489528,0.03357344251126046,2.0,8.0,0.0,train,5
Czech Republic,2004,2.8897322177886964,0.16025123676694542,9.425124168395996,1.1123264646993933,0.03357344251126046,1.0,9.0,0.0,train,5
Czech Republic,2008,2.525947618484497,0.1695634316480141,8.334622859954834,1.139752810491733,0.03357344251126046,3.0,7.0,0.0,train,5
Czech Republic,2012,2.360853433609009,0.21736675640351433,7.802812385559082,1.320954351363528,0.03357344251126046,4.0,11.0,0.0,train,5
Czech Republic,2016,2.9224525928497314,0.25343869351837695,9.52444543838501,1.5250619838773734,0.03357344251126046,1.0,10.0,0.0,train,5
Czech Republic,2020,2.7522910118103026,0.17853079646254302,9.028103828430176,1.2425847204957527,0.03357344251126046,4.0,11.0,0.0,val,5
Czech Republic,2024,3.221431827545166,0.21152674682490044,10.441107177734375,1.3988578581030633,0.03357344251126046,3.0,5.0,0.0,val,5
Denmark,1964,1.7821454286575318,0.16129408043229027,5.991307926177979,1.0843051120014793,0.03357344251126046,2.0,6.0,0.0,train,5
Denmark,1968,1.8375619888305663,0.18060168934241402,6.1633199691772464,1.1578901305348412,0.03357344251126046,1.0,8.0,0.0,train,5
Denmark,1972,1.957232165336609,0.1859556886302479,6.5546472549438475,1.164615301451236,0.03357344251126046,1.0,1.0,0.0,train,5
Denmark,1976,1.502201247215271,0.12250914797008869,5.1229650497436525,0.8843568136260281,0.03357344251126046,1.0,3.0,0.0,train,5
Denmark,1980,1.3026600360870362,0.13752028152883233,4.4813055992126465,0.9173444266767444,0.03357344251126046,2.0,5.0,0.0,train,5
Denmark,1984,1.4272495746612548,0.16379411276233583,4.861903858184815,1.067848336380612,0.03357344251126046,0.0,6.0,0.0,train,5
Denmark,1988,1.4398578643798827,0.17845190385544427,4.929012775421143,1.0662401459228663,0.03357344251126046,2.0,4.0,0.0,train,5
Denmark,1992,1.6108242988586425,0.16378805823011586,5.460117435455322,1.0610934550581996,0.03357344251126046,1.0,6.0,0.0,train,5
Denmark,1996,1.580071258544922,0.2012500862823469,5.372620391845703,1.1626219650526914,0.03357344251126046,4.0,6.0,0.0,train,5
Denmark,2000,2.1459183216094972,0.17324422501586031,7.099115180969238,1.1978197552026824,0.03357344251126046,2.0,6.0,0.0,train,5
Denmark,2004,2.139407682418823,0.13826871406345845,7.0951793670654295,1.0816368995596333,0.03357344251126046,2.0,8.0,0.0,train,5
Denmark,2008,2.2973752498626707,0.13473824599812745,7.588879871368408,1.048390650067025,0.03357344251126046,2.0,7.0,0.0,train,5
Denmark,2012,2.1649258136749268,0.18179208091883983,7.191856861114502,1.1964054703092895,0.03357344251126046,2.0,9.0,0.0,train,5
Denmark,2016,2.3333467483520507,0.20992389945672685,7.721817970275879,1.297734907535981,0.03357344251126046,2.0,15.0,0.0,train,5
Denmark,2020,2.8387872219085692,0.32505655548799745,9.301295185089112,1.7075723740079998,0.03357344251126046,3.0,11.0,0.0,val,5
Denmark,2024,3.1686493873596193,0.28148068681833927,10.303693580627442,1.6125822592964738,0.03357344251126046,2.0,9.0,0.0,val,5
Dominican Republic,1964,0.6206924676895141,0.16948130963684352,2.2302955627441405,0.8996627944026236,0.03357344251126046,0.0,0.0,0.0,train,5
Dominican Republic,1968,0.6206924676895141,0.16948130963684352,2.2302955627441405,0.8996627944026236,0.03357344251126046,0.0,0.0,0.0,train,5
Dominican Republic,1972,0.6206924676895141,0.16948130963684352,2.2302955627441405,0.8996627944026236,0.03357344251126046,0.0,0.0,0.0,train,5
Dominican Republic,1976,0.6206924676895141,0.16948130963684352,2.2302955627441405,0.8996627944026236,0.03357344251126046,0.0,0.0,0.0,train,5
Dominican Republic,1980,0.6206924676895141,0.16948130963684352,2.2302955627441405,0.8996627944026236,0.03357344251126046,0.0,0.0,0.0,train,5
Dominican Republic,1984,0.6206924676895141,0.16948130963684352,2.2302955627441405,0.8996627944026236,0.03357344251126046,0.0,1.0,0.0,train,5
Dominican Republic,1988,0.6676949024200439,0.1798028624525253,2.3903839111328127,0.9376466183522708,0.03357344251126046,0.0,0.0,0.0,train,5
Dominican Republic,1992,0.6543103933334351,0.17200575097891496,2.345773696899414,0.9109589525521297,0.03357344251126046,0.0,0.0,0.0,train,5
Dominican Republic,1996,0.645011568069458,0.16808819834581176,2.3141171455383303,0.8970605231605525,0.03357344251126046,0.0,0.0,0.0,train,5
Dominican Republic,2000,0.6206924676895141,0.16948130963684352,2.2302955627441405,0.8996627944026236,0.03357344251126046,0.0,0.0,0.0,train,5
Dominican Republic,2004,0.6206924676895141,0.16948130963684352,2.2302955627441405,0.8996627944026236,0.03357344251126046,1.0,1.0,0.0,train,5
Dominican Republic,2008,0.7846160411834717,0.16441871517761913,2.7780320167541506,0.9481708872350961,0.03357344251126046,1.0,2.0,0.0,train,5
Dominican Republic,2012,0.945416784286499,0.1513664117976656,3.3111395835876465,0.9518504229661124,0.03357344251126046,1.0,2.0,0.0,train,5
Dominican Republic,2016,1.0678113937377929,0.12449996593448566,3.7109048843383787,0.8955514744124,0.03357344251126046,0.0,1.0,0.0,train,5
Dominican Republic,2020,0.9137442111968994,0.12805952398883705,3.215657043457031,0.8448760847066674,0.03357344251126046,0.0,5.0,0.0,val,5
Dominican Republic,2024,1.0085515975952148,0.19609454654773947,3.530863571166992,1.0414856855459291,0.03357344251126046,1.0,3.0,0.0,val,5
Egypt,1964,0.7400304794311523,0.18883126834250494,2.637633800506592,0.9745556568465512,0.03357344251126046,0.0,0.0,0.0,train,5
Egypt,1968,0.6884437322616577,0.17470677482356542,2.4629925727844237,0.9228991973352061,0.03357344251126046,0.0,0.0,0.0,train,5
Egypt,1972,0.6697348594665528,0.16685500053196517,2.3993156433105467,0.8946617205006074,0.03357344251126046,0.0,0.0,0.0,train,5
Egypt,1976,0.6206924676895141,0.16948130963684352,2.2302955627441405,0.8996627944026236,0.03357344251126046,0.0,0.0,0.0,train,5
Egypt,1980,0.6206924676895141,0.16948130963684352,2.2302955627441405,0.8996627944026236,0.03357344251126046,0.0,0.0,0.0,train,5
Egypt,1984,0.6206924676895141,0.16948130963684352,2.2302955627441405,0.8996627944026236,0.03357344251126046,0.0,1.0,0.0,train,5
Egypt,1988,0.6676949024200439,0.1798028624525253,2.3903839111328127,0.9376466183522708,0.03357344251126046,0.0,0.0,0.0,train,5
Egypt,1992,0.6543103933334351,0.17200575097891496,2.345773696899414,0.9109589525521297,0.03357344251126046,0.0,0.0,0.0,train,5
Egypt,1996,0.645011568069458,0.16808819834581176,2.3141171455383303,0.8970605231605525,0.03357344251126046,0.0,0.0,0.0,train,5
Egypt,2000,0.6206924676895141,0.16948130963684352,2.2302955627441405,0.8996627944026236,0.03357344251126046,0.0,0.0,0.0,train,5
Egypt,2004,0.6206924676895141,0.16948130963684352,2.2302955627441405,0.8996627944026236,0.03357344251126046,1.0,5.0,0.0,train,5
Egypt,2008,0.9928386688232422,0.2160903120817828,3.4687047958374024,1.1190135039987437,0.03357344251126046,0.0,2.0,0.0,train,5
Egypt,2012,0.9722909450531005,0.1796794731905469,3.4140880584716795,0.9965174384069058,0.03357344251126046,0.0,4.0,0.0,train,5
Egypt,2016,1.081844973564148,0.18766318029644669,3.776828575134277,1.0126711763696066,0.03357344251126046,0.0,3.0,0.0,train,5
Egypt,2020,0.962033748626709,0.21393552150615594,3.3864882469177244,1.0758053887011736,0.03357344251126046,1.0,6.0,0.0,val,5
Egypt,2024,1.285666823387146,0.24781745902614954,4.438600635528564,1.2419962380743768,0.03357344251126046,1.0,3.0,0.0,val,5
Estonia,1964,0.6206924676895141,0.16948130963684352,2.2302955627441405,0.8996627944026236,0.03357344251126046,0.0,0.0,0.0,train,5
Estonia,1968,0.6206924676895141,0.16948130963684352,2.2302955627441405,0.8996627944026236,0.03357344251126046,0.0,0.0,0.0,train,5
Estonia,1972,0.6206924676895141,0.16948130963684352,2.2302955627441405,0.8996627944026236,0.03357344251126046,0.0,0.0,0.0,train,5
Estonia,1976,0.6206924676895141,0.16948130963684352,2.2302955627441405,0.8996627944026236,0.03357344251126046,0.0,0.0,0.0,train,5
Estonia,1980,0.6206924676895141,0.16948130963684352,2.2302955627441405,0.8996627944026236,0.03357344251126046,0.0,0.0,0.0,train,5
Estonia,1984,0.6206924676895141,0.16948130963684352,2.2302955627441405,0.8996627944026236,0.03357344251126046,0.0,0.0,0.0,train,5
Estonia,1988,0.6206924676895141,0.16948130963684352,2.2302955627441405,0.8996627944026236,0.03357344251126046,0.0,0.0,0.0,train,5
Estonia,1992,0.6206924676895141,0.16948130963684352,2.2302955627441405,0.8996627944026236,0.03357344251126046,1.0,2.0,0.0,train,5
Estonia,1996,0.8339934349060059,0.17544591933278264,2.944828987121582,0.986896445605969,0.03357344251126046,0.0,0.0,0.0,train,5
Estonia,2000,0.7599761486053467,0.14815651705375293,2.699911689758301,0.8784309383090765,0.03357344251126046,1.0,3.0,0.0,train,5
Estonia,2004,0.9923995494842529,0.15506970147427174,3.468057918548584,0.9538717275644307,0.03357344251126046,0.0,3.0,0.0,train,5
Estonia,2008,0.9465576887130738,0.18308445274396648,3.3266902923583985,1.0073577818840167,0.03357344251126046,1.0,2.0,0.0,train,5
Estonia,2012,1.0848927736282348,0.15497889059549408,3.77530574798584,0.9516196231087045,0.03357344251126046,0.0,2.0,0.0,train,5
Estonia,2016,0.9384042263031006,0.16559691580701746,3.302931785583496,0.9463806940002177,0.03357344251126046,0.0,1.0,0.0,train,5
Estonia,2020,0.8373412370681763,0.1537186628422972,2.965682029724121,0.889811920941621,0.03357344251126046,1.0,2.0,0.0,val,5
Estonia,2024,0.9228207111358643,0.17685942539371935,3.2439267158508303,0.9952566402144735,0.03357344251126046,0.0,0.0,0.0,val,5
Ethiopia,1964,0.7846160411834717,0.16441871517761913,2.7780320167541506,0.9481708872350961,0.03357344251126046,1.0,1.0,0.0,train,5
Ethiopia,1968,0.8936330556869507,0.14006744039028937,3.139597511291504,0.9146866311454667,0.03357344251126046,1.0,2.0,0.0,train,5
Ethiopia,1972,1.0280970573425292,0.12113169872477231,3.5797801971435548,0.884543797262551,0.03357344251126046,0.0,2.0,0.0,train,5
Ethiopia,1976,0.9372384309768677,0.13836192505563713,3.2921335220336916,0.8832759782338794,0.03357344251126046,0.0,0.0,0.0,train,5
Ethiopia,1980,0.7889622688293457,0.14432980411152388,2.8013227462768553,0.8534909349065221,0.03357344251126046,2.0,4.0,0.0,train,5
Ethiopia,1984,1.1291003704071045,0.19335485441322212,3.9058566093444824,1.0875401464154446,0.03357344251126046,0.0,0.0,0.0,train,5
Ethiopia,1988,0.9104440689086915,0.12846317039635946,3.2030116081237794,0.8583313046926924,0.03357344251126046,0.0,0.0,0.0,train,5
Ethiopia,1992,0.8254945755004883,0.11475202886111051,2.9191783905029296,0.7705736229044098,0.03357344251126046,1.0,3.0,0.0,train,5
Ethiopia,1996,0.885322380065918,0.18787082526475812,3.1152231216430666,1.0282487677063767,0.03357344251126046,2.0,3.0,0.0,train,5
Ethiopia,2000,1.2173678636550904,0.1657297867580745,4.18875207901001,1.041020474740296,0.03357344251126046,4.0,8.0,0.0,train,5
Ethiopia,2004,2.1263706207275392,0.19589087318470003,7.028787231445312,1.2694068091606874,0.03357344251126046,2.0,7.0,0.0,train,5
Ethiopia,2008,2.280276966094971,0.13682791342802997,7.527831172943115,1.1017415774222907,0.03357344251126046,4.0,7.0,0.0,train,5
Ethiopia,2012,2.732253360748291,0.14603309985796198,8.9176607131958,1.1136872235463047,0.03357344251126046,3.0,8.0,0.0,train,5
Ethiopia,2016,2.6429169178009033,0.1534711026402039,8.650253295898438,1.1839000455229067,0.03357344251126046,1.0,8.0,0.0,train,5
Ethiopia,2020,2.3978291511535645,0.14032693554892475,7.9157209396362305,1.0267355788770829,0.03357344251126046,1.0,4.0,0.0,val,5
Ethiopia,2024,1.8443711519241333,0.14116067842219368,6.207465362548828,0.9707582164315626,0.03357344251126046,1.0,4.0,0.0,val,5
Finland,1964,3.971929979324341,0.18078667776370105,12.568329811096191,0.8230295777806376,0.034109657444059784,3.0,5.0,0.0,train,5
Finland,1968,2.378726291656494,0.17050265353349792,7.826855182647705,1.13145122501896,0.032667635381221714,1.0,4.0,0.0,train,5
Finland,1972,1.6308807134628296,0.12748092041183,5.505834674835205,0.9756290990694011,0.03316829679533836,3.0,8.0,0.0,train,5
Finland,1976,2.124734878540039,0.16382017095576806,7.039233589172364,1.1560156267999422,0.033474644739180756,4.0,6.0,0.0,train,5
Finland,1980,2.4048169612884522,0.17077386059125046,7.903498363494873,1.238157642135485,0.03366845287382596,3.0,8.0,0.0,train,5
Finland,1984,2.729507827758789,0.1413372589876291,8.923104858398437,1.0830007733441438,0.03394463118165728,4.0,12.0,0.0,train,5
Finland,1988,3.2195639610290527,0.17557519082256712,10.422366905212403,1.2921763316478225,0.03411005381494754,1.0,4.0,0.0,train,5
Finland,1992,2.448882246017456,0.13260194705809597,8.107596492767334,0.9285861729902049,0.0345619255676865,1.0,5.0,0.0,train,5
Finland,1996,1.9824405193328858,0.11797147394745605,6.676407814025879,0.8102903402651344,0.03501775227487082,1.0,4.0,0.0,train,5
Finland,2000,1.4442541360855103,0.14648136195701772,4.978783512115479,0.9430477142883511,0.03547724895179266,2.0,4.0,0.0,train,5
Finland,2004,1.590448546409607,0.1301322637107578,5.439524936676025,0.9374715903719459,0.0358183046802878,0.0,2.0,0.0,train,5
Finland,2008,1.2512964487075806,0.09411357388441449,4.376989459991455,0.7249981259665993,0.036406081728637164,1.0,4.0,0.0,train,5
Finland,2012,1.3136526584625243,0.1108217057439453,4.583899784088135,0.7967133012242013,0.03687484599649902,0.0,3.0,0.0,train,5
Finland,2016,1.1178634881973266,0.15131860770370573,3.9804012298583986,0.8486289819280205,0.037491624988615455,0.0,1.0,0.0,train,5
Finland,2020,1.0153614044189454,0.11797609300529115,3.6630233764648437,0.7020597640378393,0.03812825493514534,0.0,2.0,0.0,val,5
Finland,2024,0.9191701889038086,0.149687200131789,3.3606332778930663,0.7690944071826382,0.038785023801028676,0.0,0.0,0.0,val,5
France,1964,3.567201852798462,0.34217152832672837,11.937542724609376,0.47167381477052345,0.05330953169614074,1.0,15.0,0.0,train,5
France,1968,2.983555793762207,0.09847361634634182,10.198410987854004,0.9162826710799401,0.05602710526436564,7.0,15.0,0.0,train,5
France,1972,4.043080139160156,0.24418402360651975,13.364491081237793,1.5223862676615953,0.05618819240480658,2.0,13.0,0.0,train,5
France,1976,4.357864761352539,0.1949728375361778,14.39638729095459,0.7291985985587225,0.058348081633448554,2.0,9.0,0.0,train,5
France,1980,3.8865864753723143,0.30632226307001936,13.013333702087403,0.4138880800292147,0.060472724772989705,6.0,14.0,0.0,train,5
France,1984,4.132691383361816,0.1393305393111559,13.72221794128418,0.970532409664751,0.06079938746988768,5.0,28.0,0.0,train,5
France,1988,5.77668981552124,0.20416161590113027,18.516725540161133,0.9587993441027458,0.06150743290781972,6.0,16.0,0.0,train,5
France,1992,6.706239986419678,0.5891110753583446,21.19623374938965,0.9473415160433669,0.06176482290029521,8.0,29.0,0.0,train,5
France,1996,8.362253093719483,0.7050561788727246,25.785298919677736,1.2450792481086148,0.061245616525411564,15.0,37.0,0.0,train,5
France,2000,11.650205039978028,0.9426361206673365,34.360781097412115,1.7905282973399472,0.058458931557834104,13.0,38.0,0.0,train,5
France,2004,15.27064552307129,1.6197743969297973,43.87161102294922,3.1097433668310215,0.05673511810600753,11.0,33.0,0.0,train,5
France,2008,16.382440948486327,2.139969121759295,46.79834671020508,4.273601268506048,0.055772202275693385,7.0,43.0,0.0,train,5
France,2012,14.803623390197753,1.8184858290876997,42.7730224609375,3.5486222252617927,0.0558796258643269,11.0,35.0,0.0,train,5
France,2016,14.066405296325684,1.4796423335330056,40.79465103149414,2.792827844067756,0.05505493506789204,10.0,42.0,0.0,train,5
France,2020,15.988956642150878,0.672272361360588,45.601637268066405,1.9843003956711782,0.058953907713293986,10.0,33.0,0.0,val,5
France,2024,16.726316070556642,1.2110759301781253,47.25516204833984,3.238160105178735,0.0697601061314344,16.0,64.0,1.0,val,5
Georgia,1964,0.6206924676895141,0.16948130963684352,2.2302955627441405,0.8996627944026236,0.03357344251126046,0.0,0.0,0.0,train,5
Georgia,1968,0.6206924676895141,0.16948130963684352,2.2302955627441405,0.8996627944026236,0.03357344251126046,0.0,0.0,0.0,train,5
Georgia,1972,0.6206924676895141,0.16948130963684352,2.2302955627441405,0.8996627944026236,0.03357344251126046,0.0,0.0,0.0,train,5
Georgia,1976,0.6206924676895141,0.16948130963684352,2.2302955627441405,0.8996627944026236,0.03357344251126046,0.0,0.0,0.0,train,5
Georgia,1980,0.6206924676895141,0.16948130963684352,2.2302955627441405,0.8996627944026236,0.03357344251126046,0.0,0.0,0.0,train,5
Georgia,1984,0.6206924676895141,0.16948130963684352,2.2302955627441405,0.8996627944026236,0.03357344251126046,0.0,0.0,0.0,train,5
Georgia,1988,0.6206924676895141,0.16948130963684352,2.2302955627441405,0.8996627944026236,0.03357344251126046,0.0,0.0,0.0,train,5
Georgia,1992,0.6206924676895141,0.16948130963684352,2.2302955627441405,0.8996627944026236,0.03357344251126046,0.0,0.0,0.0,train,5
Georgia,1996,0.6206924676895141,0.16948130963684352,2.2302955627441405,0.8996627944026236,0.03357344251126046,0.0,2.0,0.0,train,5
Georgia,2000,0.7153530836105346,0.19032908262914094,2.5526006698608397,0.9769118706903855,0.03357344251126046,0.0,6.0,0.0,train,5
Georgia,2004,0.9925600528717041,0.2488510696701126,3.480965995788574,1.1909574305937558,0.03357344251126046,2.0,4.0,0.0,train,5
Georgia,2008,1.378827977180481,0.22883589321814593,4.725967311859131,1.2156257245560134,0.03357344251126046,3.0,7.0,0.0,train,5
Georgia,2012,1.971828866004944,0.22251870060259818,6.5754741668701175,1.291508692726998,0.03357344251126046,1.0,6.0,0.0,train,5
Georgia,2016,1.9085927248001098,0.13640443167116592,6.390068054199219,1.0254449789102036,0.03357344251126046,2.0,7.0,0.0,train,5
Georgia,2020,2.068564224243164,0.1629782896279453,6.890603160858154,1.1136869514088616,0.03357344251126046,2.0,8.0,0.0,val,5
Georgia,2024,2.1004158735275267,0.22707624329560838,6.994924259185791,1.3152537194218172,0.03357344251126046,3.0,7.0,0.0,val,5
Germany,1964,10.334926414489747,0.21900647426990336,31.545875549316406,0.7576531838442011,0.086831696331501,10.0,50.0,0.0,train,5
Germany,1968,15.91045265197754,0.5313935053076905,46.08746337890625,2.0223262987839585,0.09158544838428492,14.0,51.0,0.0,train,5
Germany,1972,20.883619689941405,1.0611836728494928,58.49537353515625,3.059339586659535,0.09913379698991774,33.0,106.0,1.0,train,5
Germany,1976,28.25792694091797,0.7548130277437483,76.99018859863281,2.538265275078694,0.09259823150932786,50.0,129.0,0.0,train,5
Germany,1980,34.135111236572264,0.5510022212592031,91.99909057617188,2.597251238439889,0.06736511699855323,47.0,126.0,0.0,train,5
Germany,1984,37.02583694458008,0.7205236864319798,99.55840148925782,2.991306977033264,0.0520405020564794,17.0,59.0,0.0,train,5
Germany,1988,35.588339233398436,0.5992984050632257,95.93669891357422,2.8867356862139033,0.04905874691903586,48.0,142.0,0.0,train,5
Germany,1992,35.26745529174805,0.7388054351607516,94.94866027832032,2.865786776020932,0.04546737316995856,33.0,82.0,0.0,train,5
Germany,1996,33.57077331542969,0.48753982212473174,90.50631713867188,2.548471392939241,0.044151104055345045,20.0,65.0,0.0,train,5
Germany,2000,34.744895935058594,0.6111371206891086,93.64348602294922,2.7034165012329945,0.04401445426046842,13.0,56.0,0.0,train,5
Germany,2004,29.243899536132812,1.1880079134546255,79.51004028320312,2.7814383918833934,0.04439000040292734,13.0,49.0,0.0,train,5
Germany,2008,23.525448608398438,1.6996106264112807,64.9550552368164,3.4523849137931166,0.0447444656863808,16.0,41.0,0.0,train,5
Germany,2012,20.540556716918946,1.7140405781479884,57.242340087890625,3.3801479858112673,0.04486761260777708,11.0,44.0,0.0,train,5
Germany,2016,19.011289215087892,1.9111781799275338,53.34564895629883,3.8069654426168085,0.04532630145549766,17.0,42.0,0.0,train,5
Germany,2020,19.17796096801758,1.976719288057901,53.701707458496095,3.9904474158428442,0.04535435773432248,10.0,37.0,0.0,val,5
Germany,2024,17.54216957092285,1.8534383846748494,49.584757232666014,3.637864793883886,0.04584553446620698,12.0,33.0,0.0,val,5
Ghana,1964,0.6676949024200439,0.1798028624525253,2.3903839111328127,0.9376466183522708,0.03357344251126046,0.0,1.0,0.0,train,5
Ghana,1968,0.7015465259552002,0.1823306339789058,2.506655788421631,0.9495006974017731,0.03357344251126046,0.0,0.0,0.0,train,5
Ghana,1972,0.6788471698760986,0.170662544658157,2.4303449630737304,0.9084849222595961,0.03357344251126046,0.0,1.0,0.0,train,5
Ghana,1976,0.6921931028366088,0.1783568057018936,2.4748106956481934,0.9351769426412802,0.03357344251126046,0.0,0.0,0.0,train,5
Ghana,1980,0.6543103933334351,0.17200575097891496,2.345773696899414,0.9109589525521297,0.03357344251126046,0.0,0.0,0.0,train,5
Ghana,1984,0.645011568069458,0.16808819834581176,2.3141171455383303,0.8970605231605525,0.03357344251126046,0.0,0.0,0.0,train,5
Ghana,1988,0.6206924676895141,0.16948130963684352,2.2302955627441405,0.8996627944026236,0.03357344251126046,0.0,0.0,0.0,train,5
Ghana,1992,0.6206924676895141,0.16948130963684352,2.2302955627441405,0.8996627944026236,0.03357344251126046,0.0,1.0,0.0,train,5
Ghana,1996,0.6676949024200439,0.1798028624525253,2.3903839111328127,0.9376466183522708,0.03357344251126046,0.0,0.0,0.0,train,5
Ghana,2000,0.6543103933334351,0.17200575097891496,2.345773696899414,0.9109589525521297,0.03357344251126046,0.0,0.0,0.0,train,5
Ghana,2004,0.645011568069458,0.16808819834581176,2.3141171455383303,0.8970605231605525,0.03357344251126046,0.0,0.0,0.0,train,5
Ghana,2008,0.6206924676895141,0.16948130963684352,2.2302955627441405,0.8996627944026236,0.03357344251126046,0.0,0.0,0.0,train,5
Ghana,2012,0.6206924676895141,0.16948130963684352,2.2302955627441405,0.8996627944026236,0.03357344251126046,0.0,0.0,0.0,train,5
Ghana,2016,0.6206924676895141,0.16948130963684352,2.2302955627441405,0.8996627944026236,0.03357344251126046,0.0,0.0,0.0,train,5
Ghana,2020,0.6206924676895141,0.16948130963684352,2.2302955627441405,0.8996627944026236,0.03357344251126046,0.0,1.0,0.0,val,5
Ghana,2024,0.6676949024200439,0.1798028624525253,2.3903839111328127,0.9376466183522708,0.03357344251126046,0.0,0.0,0.0,val,5
Great Britain,1964,5.192181968688965,0.1292593015268061,16.972334480285646,1.030875946779508,0.06417347975075241,4.0,18.0,0.0,train,5
Great Britain,1968,5.932074642181396,0.37634294571467647,19.15153388977051,0.4607684616514403,0.06647837050259107,5.0,13.0,0.0,train,5
Great Britain,1972,5.143352317810058,0.218244865955567,16.887505722045898,0.6639212471195565,0.06819943711161608,4.0,18.0,0.0,train,5
Great Britain,1976,5.30373363494873,0.31503705886225664,17.37611083984375,0.49936824179334866,0.07023006789386269,3.0,13.0,0.0,train,5
Great Britain,1980,4.73492021560669,0.26864069810066404,15.75769863128662,0.456728249395591,0.07256749272346492,5.0,21.0,0.0,train,5
Great Britain,1984,5.447118663787842,0.2090960169885806,17.857805252075195,0.6481794423857229,0.07390551008284088,5.0,37.0,0.0,train,5
Great Britain,1988,7.305516624450684,0.17790875709257534,23.11970329284668,0.8779503610306644,0.07514291144907467,5.0,24.0,0.0,train,5
Great Britain,1992,8.32563066482544,0.5330863412312418,26.012335205078124,0.626888274720528,0.07628879882395265,5.0,20.0,0.0,train,5
Great Britain,1996,8.067297077178955,0.6768714505946455,25.33211898803711,0.8021923490707964,0.07735145948827264,1.0,15.0,0.0,train,5
Great Britain,2000,5.490602111816406,0.3263032797917685,18.11892433166504,0.2529131655301902,0.079891887307167,11.0,28.0,0.0,train,5
Great Britain,2004,7.480732154846192,0.3071108927457928,23.56588706970215,0.606540268985023,0.07851466424763201,9.0,30.0,0.0,train,5
Great Britain,2008,10.435785102844239,0.8346683603861207,31.483853149414063,2.8193634403020336,0.0836711965501308,19.0,51.0,0.0,train,5
Great Britain,2012,18.431492233276366,1.110576908686752,51.90301742553711,3.02762932791561,0.09116920940577977,29.0,65.0,1.0,train,5
Great Britain,2016,25.20321273803711,0.44356560345802315,69.1221435546875,1.7264953664233738,0.09326977394521233,27.0,67.0,0.0,train,5
Great Britain,2020,29.974976348876954,0.6880451847519341,81.48977813720703,2.1045551014153867,0.07523122578859323,22.0,64.0,0.0,val,5
Great Britain,2024,30.73692626953125,1.1527558154017838,83.54484405517579,2.7137629700559036,0.06361122690141194,14.0,65.0,0.0,val,5
Greece,1964,1.1846802949905395,0.13274017369476254,5.023220062255859,0.32686977275894985,0.0972078077495098,0.0,0.0,0.0,train,5
Greece,1968,1.1134325981140136,0.1294387103119803,4.792068290710449,0.37456690209259097,0.0972078077495098,0.0,1.0,0.0,train,5
Greece,1972,1.0912590742111206,0.14612496031920866,4.828589534759521,0.3938080835813058,0.10310760363936422,0.0,2.0,0.0,train,5
Greece,1976,1.0817406177520752,0.15870410243183808,4.898005867004395,0.2873352219282003,0.10689913406968113,0.0,0.0,0.0,train,5
Greece,1980,1.044750952720642,0.158683142642433,4.775392818450928,0.3637416449080639,0.10689913406968113,1.0,3.0,0.0,train,5
Greece,1984,1.2629544258117675,0.16079393806330947,5.507982444763184,0.2746720421531517,0.10769362933933728,0.0,2.0,0.0,train,5
Greece,1988,1.197435975074768,0.1853708583775245,5.364569854736328,0.3707503427028228,0.1096312757581472,0.0,1.0,0.0,train,5
Greece,1992,1.1415228605270387,0.21223636515990996,5.238733291625977,0.5146655712558755,0.11086067296564575,2.0,2.0,0.0,train,5
Greece,1996,1.340429711341858,0.18411036621906554,5.836300182342529,0.36593443872414094,0.11015852205455301,4.0,8.0,0.0,train,5
Greece,2000,2.952585315704346,0.6274793753893025,10.521768188476562,1.8821448823521179,0.11122660264372823,4.0,13.0,0.0,train,5
Greece,2004,4.635942554473877,1.0657851526634283,15.261324501037597,3.0752780455837008,0.11486320793628688,6.0,16.0,1.0,train,5
Greece,2008,6.352357673645019,0.5629771518757769,20.08921661376953,1.953225192755752,0.10521271526813507,0.0,3.0,0.0,train,5
Greece,2012,4.0155219554901125,0.46237992363604535,13.462851524353027,1.2269320120947391,0.09496603794395919,0.0,2.0,0.0,train,5
Greece,2016,2.3333146810531615,0.5031978360970525,8.475042724609375,1.484128354825503,0.09074976071715353,3.0,6.0,0.0,train,5
Greece,2020,1.8878647565841675,0.1398449612957935,7.127854919433593,0.5377586971793665,0.08836308643221852,2.0,4.0,0.0,val,5
Greece,2024,2.0471274852752686,0.1027094289419711,7.619945335388183,0.41506996302245275,0.08789435848593709,1.0,8.0,0.0,val,5
Hong Kong,1964,0.6206924676895141,0.16948130963684352,2.2302955627441405,0.8996627944026236,0.03357344251126046,0.0,0.0,0.0,train,5
Hong Kong,1968,0.6206924676895141,0.16948130963684352,2.2302955627441405,0.8996627944026236,0.03357344251126046,0.0,0.0,0.0,train,5
Hong Kong,1972,0.6206924676895141,0.16948130963684352,2.2302955627441405,0.8996627944026236,0.03357344251126046,0.0,0.0,0.0,train,5
Hong Kong,1976,0.6206924676895141,0.16948130963684352,2.2302955627441405,0.8996627944026236,0.03357344251126046,0.0,0.0,0.0,train,5
Hong Kong,1980,0.6206924676895141,0.16948130963684352,2.2302955627441405,0.8996627944026236,0.03357344251126046,0.0,0.0,0.0,train,5
Hong Kong,1984,0.6206924676895141,0.16948130963684352,2.2302955627441405,0.8996627944026236,0.03357344251126046,0.0,0.0,0.0,train,5
Hong Kong,1988,0.6206924676895141,0.16948130963684352,2.2302955627441405,0.8996627944026236,0.03357344251126046,0.0,0.0,0.0,train,5
Hong Kong,1992,0.6206924676895141,0.16948130963684352,2.2302955627441405,0.8996627944026236,0.03357344251126046,0.0,0.0,0.0,train,5
Hong Kong,1996,0.6206924676895141,0.16948130963684352,2.2302955627441405,0.8996627944026236,0.03357344251126046,1.0,1.0,0.0,train,5
Hong Kong,2000,0.7846160411834717,0.16441871517761913,2.7780320167541506,0.9481708872350961,0.03357344251126046,0.0,0.0,0.0,train,5
Hong Kong,2004,0.7248416185379029,0.14545758521943367,2.57936372756958,0.8675145975297976,0.03357344251126046,0.0,1.0,0.0,train,5
Hong Kong,2008,0.7413732051849365,0.1497842091906032,2.6364068031311034,0.8714022803488953,0.03357344251126046,0.0,0.0,0.0,train,5
Hong Kong,2012,0.6543103933334351,0.17200575097891496,2.345773696899414,0.9109589525521297,0.03357344251126046,0.0,1.0,0.0,train,5
Hong Kong,2016,0.6921931028366088,0.1783568057018936,2.4748106956481934,0.9351769426412802,0.03357344251126046,0.0,0.0,0.0,train,5
Hong Kong,2020,0.6543103933334351,0.17200575097891496,2.345773696899414,0.9109589525521297,0.03357344251126046,1.0,6.0,0.0,val,5
Hong Kong,2024,1.0771242141723634,0.23189588158009167,3.745754051208496,1.1718423753427398,0.03357344251126046,2.0,4.0,0.0,val,5
Hungary,1964,12.073623847961425,1.7714399852922067,34.98227157592773,3.8085937129272485,0.03357344251126046,10.0,22.0,0.0,train,5
Hungary,1968,8.845766353607178,0.9787686176430552,26.285111236572266,2.166908872188935,0.03357344251126046,10.0,32.0,0.0,train,5
Hungary,1972,9.779368782043457,0.875440321248609,28.77381591796875,1.9651763420556643,0.03357344251126046,6.0,35.0,0.0,train,5
Hungary,1976,10.873910331726075,1.1669345770212634,31.779535675048827,2.5090820015212163,0.03357344251126046,4.0,22.0,0.0,train,5
Hungary,1980,9.377243804931641,0.9876778759360044,27.845941162109376,2.0820845595140067,0.03357344251126046,7.0,32.0,0.0,train,5
Hungary,1984,8.821043586730957,0.5737860693146456,26.318695068359375,1.3681490012066921,0.03357344251126046,0.0,0.0,0.0,train,5
Hungary,1988,4.706885623931885,0.33256523270348004,14.851943588256836,1.076722810602027,0.03357344251126046,11.0,23.0,0.0,train,5
Hungary,1992,6.461825370788574,0.39176806310992485,19.67522773742676,1.1676348122075715,0.03357344251126046,11.0,30.0,0.0,train,5
Hungary,1996,7.801406288146973,0.3249539569659762,23.356856536865234,1.354171717439444,0.03357344251126046,7.0,21.0,0.0,train,5
Hungary,2000,10.19078483581543,1.3917766105598526,29.905323791503907,3.0605132811229008,0.03357344251126046,8.0,17.0,0.0,train,5
Hungary,2004,8.86739444732666,1.2220695690732089,26.35953254699707,2.6808315309084625,0.03357344251126046,8.0,17.0,0.0,train,5
Hungary,2008,7.2394355773925785,0.8286059733307642,21.86779899597168,1.88795280755778,0.03357344251126046,3.0,10.0,0.0,train,5
Hungary,2012,5.403050899505615,0.7005363703738734,16.754168891906737,1.6137939265909282,0.03357344251126046,8.0,18.0,0.0,train,5
Hungary,2016,5.729891014099121,0.4948348325756217,17.62843132019043,1.3449217616697506,0.03357344251126046,8.0,15.0,0.0,train,5
Hungary,2020,5.817426013946533,0.41308516114676325,17.85390510559082,1.3272408698438274,0.03357344251126046,6.0,20.0,0.0,val,5
Hungary,2024,6.821420383453369,0.7979599124517018,20.715874481201173,1.8333464996038225,0.03357344251126046,6.0,19.0,0.0,val,5
India,1964,0.8764367580413819,0.12582670401349902,3.0897162437438963,0.8352664088718627,0.03357344251126046,1.0,1.0,0.0,train,5
India,1968,0.8968557357788086,0.13677123750264153,3.152567672729492,0.8924200296302102,0.03357344251126046,0.0,1.0,0.0,train,5
India,1972,0.7978782415390014,0.15388461442074836,2.829006290435791,0.9002198346647821,0.03357344251126046,0.0,1.0,0.0,train,5
India,1976,0.775917649269104,0.1521764158435009,2.7549912452697756,0.8815930535666776,0.03357344251126046,0.0,0.0,0.0,train,5
India,1980,0.6788471698760986,0.170662544658157,2.4303449630737304,0.9084849222595961,0.03357344251126046,1.0,1.0,0.0,train,5
India,1984,0.8096150875091552,0.1629371437578559,2.8640886306762696,0.9452855360158181,0.03357344251126046,0.0,0.0,0.0,train,5
India,1988,0.7248416185379029,0.14545758521943367,2.57936372756958,0.8675145975297976,0.03357344251126046,0.0,0.0,0.0,train,5
India,1992,0.6938234806060791,0.14020308121268288,2.4745019912719726,0.8364977738836858,0.03357344251126046,0.0,0.0,0.0,train,5
India,1996,0.6206924676895141,0.16948130963684352,2.2302955627441405,0.8996627944026236,0.03357344251126046,0.0,1.0,0.0,train,5
India,2000,0.6676949024200439,0.1798028624525253,2.3903839111328127,0.9376466183522708,0.03357344251126046,0.0,1.0,0.0,train,5
India,2004,0.7015465259552002,0.1823306339789058,2.506655788421631,0.9495006974017731,0.03357344251126046,0.0,1.0,0.0,train,5
India,2008,0.7262634754180908,0.18093037222940378,2.5918365478515626,0.9471471928457222,0.03357344251126046,1.0,3.0,0.0,train,5
India,2012,0.9485417604446411,0.1901263004379781,3.327346134185791,1.0395255189337846,0.03357344251126046,0.0,6.0,0.0,train,5
India,2016,1.1413926362991333,0.22641388268162246,3.9670491218566895,1.1575797893727475,0.03357344251126046,0.0,2.0,0.0,train,5
India,2020,1.0736459016799926,0.18004324271730532,3.752132034301758,0.9864136813156033,0.03357344251126046,1.0,7.0,0.0,val,5
India,2024,1.3670361518859864,0.26108093746486466,4.702260875701905,1.288075176036306,0.03357344251126046,0.0,6.0,0.0,val,5
Indonesia,1964,0.6206924676895141,0.16948130963684352,2.2302955627441405,0.8996627944026236,0.03357344251126046,0.0,0.0,0.0,train,5
Indonesia,1968,0.6206924676895141,0.16948130963684352,2.2302955627441405,0.8996627944026236,0.03357344251126046,0.0,0.0,0.0,train,5
Indonesia,1972,0.6206924676895141,0.16948130963684352,2.2302955627441405,0.8996627944026236,0.03357344251126046,0.0,0.0,0.0,train,5
Indonesia,1976,0.6206924676895141,0.16948130963684352,2.2302955627441405,0.8996627944026236,0.03357344251126046,0.0,0.0,0.0,train,5
Indonesia,1980,0.6206924676895141,0.16948130963684352,2.2302955627441405,0.8996627944026236,0.03357344251126046,0.0,0.0,0.0,train,5
Indonesia,1984,0.6206924676895141,0.16948130963684352,2.2302955627441405,0.8996627944026236,0.03357344251126046,0.0,0.0,0.0,train,5
Indonesia,1988,0.6206924676895141,0.16948130963684352,2.2302955627441405,0.8996627944026236,0.03357344251126046,0.0,1.0,0.0,train,5
Indonesia,1992,0.6676949024200439,0.1798028624525253,2.3903839111328127,0.9376466183522708,0.03357344251126046,2.0,5.0,0.0,train,5
Indonesia,1996,1.1687958240509033,0.21512944612482268,4.034504699707031,1.1573019593935188,0.03357344251126046,1.0,4.0,0.0,train,5
Indonesia,2000,1.337946367263794,0.17158867403439426,4.589792919158936,1.059759632498857,0.03357344251126046,1.0,6.0,0.0,train,5
Indonesia,2004,1.585315752029419,0.16025081649720418,5.383838272094726,1.046583821462436,0.03357344251126046,1.0,4.0,0.0,train,5
Indonesia,2008,1.4501643180847168,0.17520174134729805,4.959193897247315,1.0607137198334942,0.03357344251126046,1.0,6.0,0.0,train,5
Indonesia,2012,1.5502894639968872,0.19467997257800826,5.280620288848877,1.1326731389841733,0.03357344251126046,0.0,3.0,0.0,train,5
Indonesia,2016,1.2474450826644898,0.1692470772061248,4.317616653442383,0.988099912994259,0.03357344251126046,1.0,3.0,0.0,train,5
Indonesia,2020,1.2339637756347657,0.17110730962955586,4.267097854614258,1.0011184474349015,0.03357344251126046,1.0,5.0,0.0,val,5
Indonesia,2024,1.2821581602096557,0.2031287808160977,4.417611885070801,1.1254740959340757,0.03357344251126046,2.0,3.0,0.0,val,5
Iran,1964,1.388222908973694,0.1845248914495031,4.774945259094238,1.0536461245287823,0.03357344251126046,0.0,2.0,0.0,train,5
Iran,1968,1.1128758192062378,0.14316124432084631,3.8767865180969237,0.8773112503009417,0.03357344251126046,2.0,5.0,0.0,train,5
Iran,1972,1.328871774673462,0.22049553235310537,4.562211322784424,1.1848058079916586,0.03357344251126046,0.0,3.0,0.0,train,5
Iran,1976,1.1706551551818847,0.16703266616555912,4.060041809082032,0.9912552560610045,0.03357344251126046,0.0,2.0,0.0,train,5
Iran,1980,1.0720415115356445,0.13911906773003427,3.742016315460205,0.8638862199745676,0.03357344251126046,0.0,0.0,0.0,train,5
Iran,1984,0.7639545679092408,0.1713163806599464,2.723200035095215,0.9164949888549009,0.03357344251126046,0.0,0.0,0.0,train,5
Iran,1988,0.6697348594665528,0.16685500053196517,2.3993156433105467,0.8946617205006074,0.03357344251126046,0.0,1.0,0.0,train,5
Iran,1992,0.6676949024200439,0.1798028624525253,2.3903839111328127,0.9376466183522708,0.03357344251126046,0.0,3.0,0.0,train,5
Iran,1996,0.798159408569336,0.2035168506994664,2.834998607635498,1.0302266676886107,0.03357344251126046,1.0,3.0,0.0,train,5
Iran,2000,1.0260377407073975,0.20018862297050785,3.5835687637329103,1.0726028780210586,0.03357344251126046,3.0,4.0,0.0,train,5
Iran,2004,1.5207244396209716,0.177799717522323,5.154139137268066,1.1249642472984074,0.03357344251126046,2.0,6.0,0.0,train,5
Iran,2008,1.8070120096206665,0.13888951312708395,6.053487873077392,1.0597823913069027,0.03357344251126046,1.0,2.0,0.0,train,5
Iran,2012,1.5701400518417359,0.09618182806039975,5.317290306091309,0.7986214859104677,0.03357344251126046,7.0,13.0,0.0,train,5
Iran,2016,3.0897313594818114,0.2874054697813582,9.977318382263183,1.6326964686445273,0.03357344251126046,3.0,8.0,0.0,train,5
Iran,2020,3.105870485305786,0.17351230155861147,10.056975364685059,1.2919061159412617,0.03357344251126046,3.0,7.0,0.0,val,5
Iran,2024,3.3182395935058593,0.2816682289550154,10.710765266418457,1.0375875319063217,0.03357344251126046,3.0,12.0,0.0,val,5
Ireland,1964,0.8963501930236817,0.15659038045370355,3.164164352416992,0.9134498810564227,0.03357344251126046,0.0,1.0,0.0,train,5
Ireland,1968,0.8469806909561157,0.14669144904082296,2.999409294128418,0.8611899714996233,0.03357344251126046,0.0,0.0,0.0,train,5
Ireland,1972,0.6543103933334351,0.17200575097891496,2.345773696899414,0.9109589525521297,0.03357344251126046,0.0,0.0,0.0,train,5
Ireland,1976,0.645011568069458,0.16808819834581176,2.3141171455383303,0.8970605231605525,0.03357344251126046,0.0,0.0,0.0,train,5
Ireland,1980,0.6206924676895141,0.16948130963684352,2.2302955627441405,0.8996627944026236,0.03357344251126046,0.0,2.0,0.0,train,5
Ireland,1984,0.7153530836105346,0.19032908262914094,2.5526006698608397,0.9769118706903855,0.03357344251126046,0.0,1.0,0.0,train,5
Ireland,1988,0.7359162092208862,0.18502988726767403,2.6246771812438965,0.9619783997576766,0.03357344251126046,0.0,0.0,0.0,train,5
Ireland,1992,0.7037919998168946,0.16948013572127607,2.516306209564209,0.9062177913601499,0.03357344251126046,1.0,2.0,0.0,train,5
Ireland,1996,0.859855341911316,0.17441827631532014,3.0322765350341796,0.9847669542846914,0.03357344251126046,3.0,4.0,0.0,train,5
Ireland,2000,1.3807001113891602,0.1703196766054022,4.7007828712463375,1.0971864223730259,0.03357344251126046,0.0,1.0,0.0,train,5
Ireland,2004,1.1658040285110474,0.09447273681073524,4.032407474517822,0.7857847531640841,0.03357344251126046,0.0,0.0,0.0,train,5
Ireland,2008,0.9196813821792602,0.10111580607859101,3.2304827690124513,0.7242528307781926,0.03357344251126046,0.0,3.0,0.0,train,5
Ireland,2012,0.7885205745697021,0.19948918849200453,2.8025712966918945,1.0150947097269294,0.03357344251126046,1.0,6.0,0.0,train,5
Ireland,2016,1.1674968481063843,0.24812905400628538,4.045564842224121,1.232989699602203,0.03357344251126046,0.0,2.0,0.0,train,5
Ireland,2020,1.1005627155303954,0.18519372246516289,3.8391647338867188,1.014654473118611,0.03357344251126046,2.0,4.0,0.0,val,5
Ireland,2024,1.3949645519256593,0.17306815924277377,4.772309875488281,1.0546646371418906,0.03357344251126046,4.0,7.0,0.0,val,5
Israel,1964,0.6206924676895141,0.16948130963684352,2.2302955627441405,0.8996627944026236,0.03357344251126046,0.0,0.0,0.0,train,5
Israel,1968,0.6206924676895141,0.16948130963684352,2.2302955627441405,0.8996627944026236,0.03357344251126046,0.0,0.0,0.0,train,5
Israel,1972,0.6206924676895141,0.16948130963684352,2.2302955627441405,0.8996627944026236,0.03357344251126046,0.0,0.0,0.0,train,5
Israel,1976,0.6206924676895141,0.16948130963684352,2.2302955627441405,0.8996627944026236,0.03357344251126046,0.0,0.0,0.0,train,5
Israel,1980,0.6206924676895141,0.16948130963684352,2.2302955627441405,0.8996627944026236,0.03357344251126046,0.0,0.0,0.0,train,5
Israel,1984,0.6206924676895141,0.16948130963684352,2.2302955627441405,0.8996627944026236,0.03357344251126046,0.0,0.0,0.0,train,5
Israel,1988,0.6206924676895141,0.16948130963684352,2.2302955627441405,0.8996627944026236,0.03357344251126046,0.0,0.0,0.0,train,5
Israel,1992,0.6206924676895141,0.16948130963684352,2.2302955627441405,0.8996627944026236,0.03357344251126046,0.0,2.0,0.0,train,5
Israel,1996,0.7153530836105346,0.19032908262914094,2.5526006698608397,0.9769118706903855,0.03357344251126046,0.0,1.0,0.0,train,5
Israel,2000,0.7359162092208862,0.18502988726767403,2.6246771812438965,0.9619783997576766,0.03357344251126046,0.0,1.0,0.0,train,5
Israel,2004,0.7513907670974731,0.17968342886581956,2.678414058685303,0.9450004915808742,0.03357344251126046,1.0,2.0,0.0,train,5
Israel,2008,0.8960626125335693,0.17777444147829322,3.153776836395264,0.9973729729635166,0.03357344251126046,0.0,1.0,0.0,train,5
Israel,2012,0.8336372613906861,0.15657720838254102,2.9513444900512695,0.9119469248802974,0.03357344251126046,0.0,0.0,0.0,train,5
Israel,2016,0.753896975517273,0.14168717056702454,2.680972385406494,0.8431571533693185,0.03357344251126046,0.0,2.0,0.0,train,5
Israel,2020,0.7400304794311523,0.18883126834250494,2.637633800506592,0.9745556568465512,0.03357344251126046,2.0,4.0,0.0,val,5
Israel,2024,1.1510451555252075,0.20405962097932018,3.9776257514953612,1.123070811851521,0.03357344251126046,1.0,7.0,0.0,val,5
Italy,1964,13.443919372558593,0.8397115691200945,38.46981582641602,2.3458638585462253,0.0636264897882938,10.0,27.0,0.0,train,5
Italy,1968,13.426119613647462,0.8486550933968975,38.64498443603516,2.0671369349894957,0.05055717602372164,3.0,16.0,0.0,train,5
Italy,1972,10.412099075317382,1.5496761204909715,30.818372344970705,3.3965368718271214,0.04332680739462372,5.0,18.0,0.0,train,5
Italy,1976,6.669382572174072,0.7651173455308913,20.63908805847168,1.568582063941998,0.04131767209619278,2.0,13.0,0.0,train,5
Italy,1980,4.377102947235107,0.18189785067321645,14.140440368652344,0.9875745886663527,0.042390459775924635,8.0,15.0,0.0,train,5
Italy,1984,5.31983060836792,0.31041783846179744,16.772458648681642,1.0087193457524708,0.04221954084932798,14.0,32.0,0.0,train,5
Italy,1988,8.667164611816407,0.47781897061281253,25.948553466796874,1.2521515456907955,0.04106087069958442,6.0,14.0,0.0,train,5
Italy,1992,9.066391086578369,1.2721850775724728,27.120184326171874,2.7367228849041125,0.04129707664251324,6.0,19.0,0.0,train,5
Italy,1996,8.664021968841553,1.4157555397465096,26.09376754760742,3.0415824985836113,0.04151601716876026,13.0,35.0,0.0,train,5
Italy,2000,9.310050010681152,0.6524643522809263,27.70431900024414,1.5030089139491005,0.04075164403766388,13.0,34.0,0.0,train,5
Italy,2004,12.654161071777343,1.1629761698700973,36.60996704101562,2.3825388599372253,0.04011910799890754,10.0,32.0,0.0,train,5
Italy,2008,14.704929161071778,1.885481008883461,42.05526962280273,3.925796658406701,0.03989573270082466,8.0,27.0,0.0,train,5
Italy,2012,12.62221164703369,1.701488896356475,36.626547241210936,3.5947163688288812,0.03989573270082466,8.0,28.0,0.0,train,5
Italy,2016,10.815419769287109,1.2935662211555823,31.82678985595703,2.703928569540867,0.03989573270082466,8.0,28.0,0.0,train,5
Italy,2020,10.042928123474121,1.063418591600165,29.75774154663086,2.227303290713683,0.03989573270082466,10.0,40.0,0.0,val,5
Italy,2024,11.730787658691407,1.0616337690174675,34.2398193359375,2.1645232576914424,0.03971893005073066,12.0,40.0,0.0,val,5
Jamaica,1964,0.853395962715149,0.11524380906958355,3.0147448539733888,0.7671892350319687,0.03357344251126046,0.0,0.0,0.0,train,5
Jamaica,1968,0.6206924676895141,0.16948130963684352,2.2302955627441405,0.8996627944026236,0.03357344251126046,0.0,1.0,0.0,train,5
Jamaica,1972,0.6676949024200439,0.1798028624525253,2.3903839111328127,0.9376466183522708,0.03357344251126046,0.0,1.0,0.0,train,5
Jamaica,1976,0.7015465259552002,0.1823306339789058,2.506655788421631,0.9495006974017731,0.03357344251126046,1.0,2.0,0.0,train,5
Jamaica,1980,0.8960626125335693,0.17777444147829322,3.153776836395264,0.9973729729635166,0.03357344251126046,0.0,3.0,0.0,train,5
Jamaica,1984,0.9354030847549438,0.1784281265921783,3.2899691581726076,0.9908842097862278,0.03357344251126046,0.0,3.0,0.0,train,5
Jamaica,1988,0.9775906562805176,0.17853768267001982,3.4326821327209474,0.982434445593479,0.03357344251126046,0.0,2.0,0.0,train,5
Jamaica,1992,0.8991005659103394,0.19630535872473104,3.1783888816833494,1.0126481153103395,0.03357344251126046,0.0,4.0,0.0,train,5
Jamaica,1996,0.9662621974945068,0.21780283702520245,3.399109935760498,1.0882649045966044,0.03357344251126046,1.0,6.0,0.0,train,5
Jamaica,2000,1.2666879415512085,0.25340757130014835,4.3755134582519535,1.2594939042092395,0.03357344251126046,0.0,9.0,0.0,train,5
Jamaica,2004,1.5454216718673706,0.2987216003973078,5.28480978012085,1.4255691578267333,0.03357344251126046,2.0,5.0,0.0,train,5
Jamaica,2008,1.786590003967285,0.2438300886739592,6.027210235595703,1.2948605266534292,0.03357344251126046,5.0,11.0,0.0,train,5
Jamaica,2012,2.7897433280944823,0.31282407329584483,9.106448459625245,1.6669255083977765,0.03357344251126046,4.0,13.0,0.0,train,5
Jamaica,2016,3.496732234954834,0.20591761927880584,11.24134178161621,1.4460623521298814,0.03357344251126046,6.0,11.0,0.0,train,5
Jamaica,2020,4.348675298690796,0.27780512080107445,13.715114974975586,1.2334334403267893,0.03357344251126046,4.0,9.0,0.0,val,5
Jamaica,2024,3.957382822036743,0.27372644355312087,12.596602821350098,1.1691794731171303,0.03357344251126046,1.0,6.0,0.0,val,5
Japan,1964,6.340417671203613,2.4222211041728645,18.855782127380373,6.468791596152835,0.042950436100363684,16.0,29.0,1.0,train,5
Japan,1968,11.144478607177735,0.7351068014702004,33.062251281738284,2.1817588536531973,0.09694225974380966,11.0,25.0,0.0,train,5
Japan,1972,12.22356071472168,0.8419158904891352,35.97727813720703,1.877813948793067,0.07547119446098798,13.0,29.0,0.0,train,5
Japan,1976,14.45187873840332,2.1968790179484174,41.70510711669922,4.762098026234947,0.05953838713467117,9.0,25.0,0.0,train,5
Japan,1980,12.010594940185547,1.7570615542381773,35.294412994384764,3.6655749164728664,0.054761481471359674,0.0,0.0,0.0,train,5
Japan,1984,6.971306419372558,1.3128688524809717,21.811861038208008,2.6741023161339466,0.054761481471359674,10.0,32.0,0.0,train,5
Japan,1988,7.152448272705078,0.45415721214938704,22.182671356201173,0.8976576403537768,0.05264349505305286,4.0,14.0,0.0,train,5
Japan,1992,5.665513610839843,0.2174697901643869,18.027126693725585,0.9383389516911127,0.05380795747041698,3.0,22.0,0.0,train,5
Japan,1996,7.133682632446289,0.8525359875257738,22.35150260925293,1.52892630665017,0.055396276339888514,3.0,14.0,0.0,train,5
Japan,2000,4.774533748626709,0.19534232623466474,15.610237884521485,0.7754145267235701,0.05690923072397704,5.0,18.0,0.0,train,5
Japan,2004,5.283540725708008,0.22470963732465432,17.07265739440918,0.7744025687920509,0.057314553298056084,16.0,37.0,0.0,train,5
Japan,2008,9.616812896728515,0.4248142534252329,28.840146636962892,1.0559045557230597,0.052985424734651995,9.0,25.0,0.0,train,5
Japan,2012,11.621964454650879,1.2279598306766029,34.20274124145508,2.420078381721814,0.05206664670258758,7.0,38.0,0.0,train,5
Japan,2016,14.857857513427735,0.9924941088418228,42.672393798828125,2.0747280833189095,0.056075653806328715,12.0,41.0,0.0,train,5
Japan,2020,15.336153602600097,1.4737608759025993,43.561224365234374,3.8962254380051413,0.06533638760447498,27.0,58.0,1.0,val,5
Japan,2024,22.349954986572264,0.5468802495248373,61.659942626953125,1.9319379635652252,0.08392724543809886,20.0,45.0,0.0,val,5
Kazakhstan,1964,0.6206924676895141,0.16948130963684352,2.2302955627441405,0.8996627944026236,0.03357344251126046,0.0,0.0,0.0,train,5
Kazakhstan,1968,0.6206924676895141,0.16948130963684352,2.2302955627441405,0.8996627944026236,0.03357344251126046,0.0,0.0,0.0,train,5
Kazakhstan,1972,0.6206924676895141,0.16948130963684352,2.2302955627441405,0.8996627944026236,0.03357344251126046,0.0,0.0,0.0,train,5
Kazakhstan,1976,0.6206924676895141,0.16948130963684352,2.2302955627441405,0.8996627944026236,0.03357344251126046,0.0,0.0,0.0,train,5
Kazakhstan,1980,0.6206924676895141,0.16948130963684352,2.2302955627441405,0.8996627944026236,0.03357344251126046,0.0,0.0,0.0,train,5
Kazakhstan,1984,0.6206924676895141,0.16948130963684352,2.2302955627441405,0.8996627944026236,0.03357344251126046,0.0,0.0,0.0,train,5
Kazakhstan,1988,0.6206924676895141,0.16948130963684352,2.2302955627441405,0.8996627944026236,0.03357344251126046,0.0,0.0,0.0,train,5
Kazakhstan,1992,0.6206924676895141,0.16948130963684352,2.2302955627441405,0.8996627944026236,0.03357344251126046,0.0,0.0,0.0,train,5
Kazakhstan,1996,0.6206924676895141,0.16948130963684352,2.2302955627441405,0.8996627944026236,0.03357344251126046,3.0,11.0,0.0,train,5
Kazakhstan,2000,1.653851079940796,0.32813381763826294,5.5696587562561035,1.5369710024361602,0.03357344251126046,3.0,7.0,0.0,train,5
Kazakhstan,2004,2.2297951698303224,0.2498441330373179,7.375200176239014,1.4234684927325978,0.03357344251126046,1.0,8.0,0.0,train,5
Kazakhstan,2008,2.4274587631225586,0.15706322666578262,8.021482944488525,1.096742773451209,0.03357344251126046,2.0,9.0,0.0,train,5
Kazakhstan,2012,2.314643669128418,0.20767107822220482,7.665661907196045,1.2815432500479085,0.03357344251126046,3.0,11.0,0.0,train,5
Kazakhstan,2016,2.6837056159973143,0.29847219739253844,8.811324977874756,1.6120187727551707,0.03357344251126046,2.0,17.0,0.0,train,5
Kazakhstan,2020,3.320866346359253,0.30728813346429534,10.764272689819334,1.705412010396234,0.03357344251126046,0.0,8.0,0.0,val,5
Kazakhstan,2024,2.7133893966674805,0.24968305860077822,8.961311340332031,1.4192257887295106,0.03357344251126046,1.0,7.0,0.0,val,5
Kenya,1964,0.6206924676895141,0.16948130963684352,2.2302955627441405,0.8996627944026236,0.03357344251126046,0.0,1.0,0.0,train,5
Kenya,1968,0.6676949024200439,0.1798028624525253,2.3903839111328127,0.9376466183522708,0.03357344251126046,3.0,9.0,0.0,train,5
Kenya,1972,1.5652427673339844,0.29156566001032697,5.292510986328125,1.4276126425100115,0.03357344251126046,2.0,9.0,0.0,train,5
Kenya,1976,2.1237041473388674,0.2694308232861468,7.059257984161377,1.4527062788903522,0.03357344251126046,0.0,0.0,0.0,train,5
Kenya,1980,1.6354065656661987,0.12256720819381066,5.551405811309815,0.7528466145495875,0.03357344251126046,0.0,0.0,0.0,train,5
Kenya,1984,0.9720009565353394,0.11849979145484585,3.4150511741638185,0.7557572863362123,0.03357344251126046,1.0,3.0,0.0,train,5
Kenya,1988,0.885322380065918,0.18787082526475812,3.1152231216430666,1.0282487677063767,0.03357344251126046,5.0,9.0,0.0,train,5
Kenya,1992,2.088372755050659,0.2867874243978034,6.901214599609375,1.4980771572141909,0.03357344251126046,2.0,8.0,0.0,train,5
Kenya,1996,2.4479720115661623,0.16530597520829146,8.051278495788575,1.2164926538987502,0.03357344251126046,1.0,8.0,0.0,train,5
Kenya,2000,2.4586164951324463,0.14822880743750597,8.11175889968872,1.0042096672957201,0.03357344251126046,2.0,7.0,0.0,train,5
Kenya,2004,2.1319475889205934,0.21164632507724576,7.1015650749206545,1.2583436875706917,0.03357344251126046,1.0,7.0,0.0,train,5
Kenya,2008,1.9416720628738404,0.21485226926164228,6.516980266571045,1.2332242741047867,0.03357344251126046,6.0,16.0,0.0,train,5
Kenya,2012,3.439894676208496,0.3366113356932237,11.05922565460205,1.7901043486394952,0.03357344251126046,2.0,13.0,0.0,train,5
Kenya,2016,3.563918924331665,0.23536178722071752,11.478303527832031,1.5258527711086811,0.03357344251126046,6.0,13.0,0.0,train,5
Kenya,2020,4.593822860717774,0.27400740977016846,14.445805549621582,1.2073982428898418,0.03357344251126046,4.0,10.0,0.0,val,5
Kenya,2024,3.9343758106231688,0.20698764947339018,12.539690589904785,1.2800426728264898,0.03357344251126046,4.0,11.0,0.0,val,5
Latvia,1964,0.6206924676895141,0.16948130963684352,2.2302955627441405,0.8996627944026236,0.03357344251126046,0.0,0.0,0.0,train,5
Latvia,1968,0.6206924676895141,0.16948130963684352,2.2302955627441405,0.8996627944026236,0.03357344251126046,0.0,0.0,0.0,train,5
Latvia,1972,0.6206924676895141,0.16948130963684352,2.2302955627441405,0.8996627944026236,0.03357344251126046,0.0,0.0,0.0,train,5
Latvia,1976,0.6206924676895141,0.16948130963684352,2.2302955627441405,0.8996627944026236,0.03357344251126046,0.0,0.0,0.0,train,5
Latvia,1980,0.6206924676895141,0.16948130963684352,2.2302955627441405,0.8996627944026236,0.03357344251126046,0.0,0.0,0.0,train,5
Latvia,1984,0.6206924676895141,0.16948130963684352,2.2302955627441405,0.8996627944026236,0.03357344251126046,0.0,0.0,0.0,train,5
Latvia,1988,0.6206924676895141,0.16948130963684352,2.2302955627441405,0.8996627944026236,0.03357344251126046,0.0,0.0,0.0,train,5
Latvia,1992,0.6206924676895141,0.16948130963684352,2.2302955627441405,0.8996627944026236,0.03357344251126046,0.0,3.0,0.0,train,5
Latvia,1996,0.763663935661316,0.20103772114811508,2.7169331550598144,1.0173560760256037,0.03357344251126046,0.0,1.0,0.0,train,5
Latvia,2000,0.7708062410354615,0.18789807360461028,2.744453525543213,0.9750842235358924,0.03357344251126046,1.0,3.0,0.0,train,5
Latvia,2004,1.004361891746521,0.18981658979906837,3.5135817527770996,1.0386530012462871,0.03357344251126046,0.0,4.0,0.0,train,5
Latvia,2008,1.0287968158721923,0.1958978421109715,3.597280216217041,1.0512886846295053,0.03357344251126046,1.0,3.0,0.0,train,5
Latvia,2012,1.1820574045181274,0.17435054436767175,4.093781566619873,1.0151578098064504,0.03357344251126046,1.0,2.0,0.0,train,5
Latvia,2016,1.1404243230819702,0.15950200526090028,3.9563654899597167,0.9746189413074317,0.03357344251126046,0.0,0.0,0.0,train,5
Latvia,2020,0.8914107084274292,0.11970653564825315,3.142001819610596,0.8086547037819343,0.03357344251126046,1.0,2.0,0.0,val,5
Latvia,2024,0.9391484975814819,0.14409041621711977,3.2927953720092775,0.9157555760496772,0.03357344251126046,0.0,0.0,0.0,val,5
Lithuania,1964,0.6206924676895141,0.16948130963684352,2.2302955627441405,0.8996627944026236,0.03357344251126046,0.0,0.0,0.0,train,5
Lithuania,1968,0.6206924676895141,0.16948130963684352,2.2302955627441405,0.8996627944026236,0.03357344251126046,0.0,0.0,0.0,train,5
Lithuania,1972,0.6206924676895141,0.16948130963684352,2.2302955627441405,0.8996627944026236,0.03357344251126046,0.0,0.0,0.0,train,5
Lithuania,1976,0.6206924676895141,0.16948130963684352,2.2302955627441405,0.8996627944026236,0.03357344251126046,0.0,0.0,0.0,train,5
Lithuania,1980,0.6206924676895141,0.16948130963684352,2.2302955627441405,0.8996627944026236,0.03357344251126046,0.0,0.0,0.0,train,5
Lithuania,1984,0.6206924676895141,0.16948130963684352,2.2302955627441405,0.8996627944026236,0.03357344251126046,0.0,0.0,0.0,train,5
Lithuania,1988,0.6206924676895141,0.16948130963684352,2.2302955627441405,0.8996627944026236,0.03357344251126046,0.0,0.0,0.0,train,5
Lithuania,1992,0.6206924676895141,0.16948130963684352,2.2302955627441405,0.8996627944026236,0.03357344251126046,1.0,2.0,0.0,train,5
Lithuania,1996,0.8339934349060059,0.17544591933278264,2.944828987121582,0.986896445605969,0.03357344251126046,0.0,1.0,0.0,train,5
Lithuania,2000,0.8079472541809082,0.1579017361605035,2.863251781463623,0.9147278907890198,0.03357344251126046,2.0,5.0,0.0,train,5
Lithuania,2004,1.2850829124450684,0.1808613572357132,4.409916400909424,1.080795712972487,0.03357344251126046,1.0,3.0,0.0,train,5
Lithuania,2008,1.2794487953186036,0.15753851717383874,4.399905014038086,1.0101822576085413,0.03357344251126046,0.0,5.0,0.0,train,5
Lithuania,2012,1.3297895431518554,0.1505140796364009,4.575054454803467,0.9491352981868119,0.03357344251126046,2.0,5.0,0.0,train,5
Lithuania,2016,1.4894810438156127,0.20576750657911097,5.076149272918701,1.168203511301665,0.03357344251126046,0.0,4.0,0.0,train,5
Lithuania,2020,1.3219427347183228,0.18187559573347842,4.557754135131836,1.0466164622285605,0.03357344251126046,0.0,1.0,0.0,val,5
Lithuania,2024,1.0585167407989502,0.13325501366737671,3.698961925506592,0.8381027310526131,0.03357344251126046,0.0,4.0,0.0,val,5
Malaysia,1964,0.6206924676895141,0.16948130963684352,2.2302955627441405,0.8996627944026236,0.03357344251126046,0.0,0.0,0.0,train,5
Malaysia,1968,0.6206924676895141,0.16948130963684352,2.2302955627441405,0.8996627944026236,0.03357344251126046,0.0,0.0,0.0,train,5
Malaysia,1972,0.6206924676895141,0.16948130963684352,2.2302955627441405,0.8996627944026236,0.03357344251126046,0.0,0.0,0.0,train,5
Malaysia,1976,0.6206924676895141,0.16948130963684352,2.2302955627441405,0.8996627944026236,0.03357344251126046,0.0,0.0,0.0,train,5
Malaysia,1980,0.6206924676895141,0.16948130963684352,2.2302955627441405,0.8996627944026236,0.03357344251126046,0.0,0.0,0.0,train,5
Malaysia,1984,0.6206924676895141,0.16948130963684352,2.2302955627441405,0.8996627944026236,0.03357344251126046,0.0,0.0,0.0,train,5
Malaysia,1988,0.6206924676895141,0.16948130963684352,2.2302955627441405,0.8996627944026236,0.03357344251126046,0.0,0.0,0.0,train,5
Malaysia,1992,0.6206924676895141,0.16948130963684352,2.2302955627441405,0.8996627944026236,0.03357344251126046,0.0,1.0,0.0,train,5
Malaysia,1996,0.6676949024200439,0.1798028624525253,2.3903839111328127,0.9376466183522708,0.03357344251126046,0.0,2.0,0.0,train,5
Malaysia,2000,0.7494386434555054,0.1928535356523141,2.669665050506592,0.9892643291759153,0.03357344251126046,0.0,0.0,0.0,train,5
Malaysia,2004,0.713201355934143,0.1734127943578658,2.548324203491211,0.9205530136323221,0.03357344251126046,0.0,0.0,0.0,train,5
Malaysia,2008,0.6697348594665528,0.16685500053196517,2.3993156433105467,0.8946617205006074,0.03357344251126046,0.0,1.0,0.0,train,5
Malaysia,2012,0.6676949024200439,0.1798028624525253,2.3903839111328127,0.9376466183522708,0.03357344251126046,0.0,2.0,0.0,train,5
Malaysia,2016,0.7494386434555054,0.1928535356523141,2.669665050506592,0.9892643291759153,0.03357344251126046,0.0,5.0,0.0,train,5
Malaysia,2020,0.9649189233779907,0.2326424600380495,3.3909082412719727,1.1365209808737995,0.03357344251126046,0.0,2.0,0.0,val,5
Malaysia,2024,0.9480523586273193,0.20565628472426653,3.3417357444763183,1.0469692979969227,0.03357344251126046,0.0,2.0,0.0,val,5
Mexico,1964,1.8808285236358642,1.21461501007322,5.743737411499024,3.315336568649428,0.03559492100030178,0.0,1.0,0.0,train,5
Mexico,1968,2.5924733161926268,1.8839309266520001,7.517718029022217,4.684277662300329,0.042950436100363684,3.0,9.0,1.0,train,5
Mexico,1972,3.3500563621521,0.7361043563676207,10.930075073242188,1.987914931525661,0.102232838794589,0.0,1.0,0.0,train,5
Mexico,1976,2.2106662511825563,0.3910476756044458,7.8484721183776855,1.27615501011643,0.09461506381630892,1.0,2.0,0.0,train,5
Mexico,1980,1.8942827701568603,0.3735809832343512,6.943732738494873,1.2381214368091598,0.08449339792132374,0.0,4.0,0.0,train,5
Mexico,1984,1.3683829307556152,0.14101192564788323,5.502592754364014,0.37407142836033946,0.08978584334254261,2.0,6.0,0.0,train,5
Mexico,1988,1.8569922685623168,0.13482298509464605,6.911995792388916,0.5694520900854837,0.07925661168992516,0.0,2.0,0.0,train,5
Mexico,1992,1.6048304319381714,0.10927583114679942,6.1846307754516605,0.39472389743859987,0.08449756540358062,0.0,1.0,0.0,train,5
Mexico,1996,1.392047905921936,0.10792627797992556,5.562601566314697,0.3729431009824674,0.08916767835617062,0.0,1.0,0.0,train,5
Mexico,2000,1.119607400894165,0.13581146440936473,4.761077499389648,0.31521316713529557,0.09323710873723026,1.0,6.0,0.0,train,5
Mexico,2004,1.4921853303909303,0.16551835478463658,5.919164085388184,0.4583177319929958,0.09086748436093325,0.0,4.0,0.0,train,5
Mexico,2008,1.5260672569274902,0.15269328969696666,6.099173545837402,0.40389530290972886,0.09434224516153332,2.0,4.0,0.0,train,5
Mexico,2012,1.8672567367553712,0.10761114748008696,7.051626873016358,0.4420426684941739,0.08690711855888364,1.0,8.0,0.0,train,5
Mexico,2016,2.0225902557373048,0.13010408992317482,7.534785461425781,0.5665818481330415,0.08525459431111806,0.0,5.0,0.0,train,5
Mexico,2020,1.907994270324707,0.10898323840970352,7.226479530334473,0.4170102582742536,0.08848816491663451,0.0,4.0,0.0,val,5
Mexico,2024,1.6816076517105103,0.14200431815911368,6.565914916992187,0.45552306297637885,0.09143341146409509,0.0,5.0,0.0,val,5
Moldova,1964,0.6206924676895141,0.16948130963684352,2.2302955627441405,0.8996627944026236,0.03357344251126046,0.0,0.0,0.0,train,5
Moldova,1968,0.6206924676895141,0.16948130963684352,2.2302955627441405,0.8996627944026236,0.03357344251126046,0.0,0.0,0.0,train,5
Moldova,1972,0.6206924676895141,0.16948130963684352,2.2302955627441405,0.8996627944026236,0.03357344251126046,0.0,0.0,0.0,train,5
Moldova,1976,0.6206924676895141,0.16948130963684352,2.2302955627441405,0.8996627944026236,0.03357344251126046,0.0,0.0,0.0,train,5
Moldova,1980,0.6206924676895141,0.16948130963684352,2.2302955627441405,0.8996627944026236,0.03357344251126046,0.0,0.0,0.0,train,5
Moldova,1984,0.6206924676895141,0.16948130963684352,2.2302955627441405,0.8996627944026236,0.03357344251126046,0.0,0.0,0.0,train,5
Moldova,1988,0.6206924676895141,0.16948130963684352,2.2302955627441405,0.8996627944026236,0.03357344251126046,0.0,0.0,0.0,train,5
Moldova,1992,0.6206924676895141,0.16948130963684352,2.2302955627441405,0.8996627944026236,0.03357344251126046,0.0,0.0,0.0,train,5
Moldova,1996,0.6206924676895141,0.16948130963684352,2.2302955627441405,0.8996627944026236,0.03357344251126046,0.0,2.0,0.0,train,5
Moldova,2000,0.7153530836105346,0.19032908262914094,2.5526006698608397,0.9769118706903855,0.03357344251126046,0.0,2.0,0.0,train,5
Moldova,2004,0.7840441226959228,0.19554459281009098,2.7884859085083007,1.0022208715648846,0.03357344251126046,0.0,0.0,0.0,train,5
Moldova,2008,0.7383706331253052,0.17228035083739604,2.635056495666504,0.9184157740583115,0.03357344251126046,0.0,1.0,0.0,train,5
Moldova,2012,0.7170975208282471,0.1770630675331396,2.5606220245361326,0.9329112547512322,0.03357344251126046,0.0,0.0,0.0,train,5
Moldova,2016,0.6543103933334351,0.17200575097891496,2.345773696899414,0.9109589525521297,0.03357344251126046,0.0,0.0,0.0,train,5
Moldova,2020,0.645011568069458,0.16808819834581176,2.3141171455383303,0.8970605231605525,0.03357344251126046,0.0,1.0,0.0,val,5
Moldova,2024,0.6676949024200439,0.1798028624525253,2.3903839111328127,0.9376466183522708,0.03357344251126046,0.0,4.0,0.0,val,5
Mongolia,1964,0.6206924676895141,0.16948130963684352,2.2302955627441405,0.8996627944026236,0.03357344251126046,0.0,0.0,0.0,train,5
Mongolia,1968,0.6206924676895141,0.16948130963684352,2.2302955627441405,0.8996627944026236,0.03357344251126046,0.0,4.0,0.0,train,5
Mongolia,1972,0.8133792400360107,0.21230025599769997,2.8842419624328612,1.059505819063843,0.03357344251126046,0.0,1.0,0.0,train,5
Mongolia,1976,0.8063563346862793,0.1908960596549953,2.866155242919922,0.9888773463939909,0.03357344251126046,0.0,1.0,0.0,train,5
Mongolia,1980,0.8028891086578369,0.17767599930681865,2.855799102783203,0.9413572110305237,0.03357344251126046,0.0,4.0,0.0,train,5
Mongolia,1984,0.874960207939148,0.2146898585486723,3.091921901702881,1.072385891486853,0.03357344251126046,0.0,0.0,0.0,train,5
Mongolia,1988,0.7834738492965698,0.17943134511611128,2.7895580291748048,0.9466354246285487,0.03357344251126046,0.0,1.0,0.0,train,5
Mongolia,1992,0.7681398630142212,0.1749591997458698,2.7364383697509767,0.9290219144241211,0.03357344251126046,0.0,2.0,0.0,train,5
Mongolia,1996,0.7494386434555054,0.1928535356523141,2.669665050506592,0.9892643291759153,0.03357344251126046,0.0,1.0,0.0,train,5
Mongolia,2000,0.7608550071716309,0.18367438842874087,2.7106206893920897,0.9597398656351704,0.03357344251126046,0.0,0.0,0.0,train,5
Mongolia,2004,0.7037919998168946,0.16948013572127607,2.516306209564209,0.9062177913601499,0.03357344251126046,0.0,1.0,0.0,train,5
Mongolia,2008,0.6921931028366088,0.1783568057018936,2.4748106956481934,0.9351769426412802,0.03357344251126046,2.0,4.0,0.0,train,5
Mongolia,2012,1.1114312410354614,0.19889018005427084,3.8466560363769533,1.105041064848119,0.03357344251126046,0.0,5.0,0.0,train,5
Mongolia,2016,1.2113019943237304,0.1893985205928214,4.191279029846191,1.0701339062497266,0.03357344251126046,0.0,2.0,0.0,train,5
Mongolia,2020,1.1229655265808105,0.1469072998255026,3.9093307495117187,0.8926038627117785,0.03357344251126046,0.0,4.0,0.0,val,5
Mongolia,2024,1.0241569519042968,0.2184462912708034,3.592313289642334,1.0917506313267555,0.03357344251126046,0.0,1.0,0.0,val,5
Morocco,1964,0.6676949024200439,0.1798028624525253,2.3903839111328127,0.9376466183522708,0.03357344251126046,0.0,0.0,0.0,train,5
Morocco,1968,0.6543103933334351,0.17200575097891496,2.345773696899414,0.9109589525521297,0.03357344251126046,0.0,0.0,0.0,train,5
Morocco,1972,0.645011568069458,0.16808819834581176,2.3141171455383303,0.8970605231605525,0.03357344251126046,0.0,0.0,0.0,train,5
Morocco,1976,0.6206924676895141,0.16948130963684352,2.2302955627441405,0.8996627944026236,0.03357344251126046,0.0,0.0,0.0,train,5
Morocco,1980,0.6206924676895141,0.16948130963684352,2.2302955627441405,0.8996627944026236,0.03357344251126046,0.0,0.0,0.0,train,5
Morocco,1984,0.6206924676895141,0.16948130963684352,2.2302955627441405,0.8996627944026236,0.03357344251126046,2.0,2.0,0.0,train,5
Morocco,1988,0.9612799167633057,0.16344212601386612,3.35728063583374,0.9996272686531716,0.03357344251126046,1.0,3.0,0.0,train,5
Morocco,1992,1.121843147277832,0.14165211589265478,3.883443832397461,0.9591213481212258,0.03357344251126046,1.0,3.0,0.0,train,5
Morocco,1996,1.2571500539779663,0.11458143566638415,4.320955753326416,0.8783561634053043,0.03357344251126046,0.0,2.0,0.0,train,5
Morocco,2000,1.034530758857727,0.14048040153584346,3.6155856132507322,0.88944447337373,0.03357344251126046,0.0,5.0,0.0,train,5
Morocco,2004,1.0775981664657592,0.201331004040885,3.760084342956543,1.0610768652025941,0.03357344251126046,2.0,3.0,0.0,train,5
Morocco,2008,1.2753772258758544,0.20451060731356224,4.390946006774902,1.1334787105799191,0.03357344251126046,0.0,2.0,0.0,train,5
Morocco,2012,1.1214522838592529,0.14435250315855383,3.9010204315185546,0.9091072932737605,0.03357344251126046,0.0,1.0,0.0,train,5
Morocco,2016,0.9198148727416993,0.1265361213608114,3.23793888092041,0.821808403346618,0.03357344251126046,0.0,1.0,0.0,train,5
Morocco,2020,0.7513907670974731,0.17968342886581956,2.678414058685303,0.9450004915808742,0.03357344251126046,1.0,1.0,0.0,val,5
Morocco,2024,0.8448346376419067,0.16571591241413153,2.9838218688964844,0.9569626005348163,0.03357344251126046,1.0,2.0,0.0,val,5
Netherlands,1964,1.1476096153259276,0.130079707692715,4.3271105766296385,0.5448495905373844,0.051617010496556724,2.0,10.0,0.0,train,5
Netherlands,1968,1.8150231122970581,0.22567014215118883,6.464963340759278,1.014990842942536,0.05225367713719602,3.0,7.0,0.0,train,5
Netherlands,1972,2.4215505599975584,0.12408849723465203,8.343391036987304,0.9182757962746798,0.05150233823806044,3.0,5.0,0.0,train,5
Netherlands,1976,2.6824056625366213,0.10751589856232362,9.1222354888916,0.5539957215091995,0.050887029804289295,0.0,5.0,0.0,train,5
Netherlands,1980,2.0576040744781494,0.09057275467975609,7.230200004577637,0.3239340737293255,0.05375183690339323,0.0,3.0,0.0,train,5
Netherlands,1984,1.573659324645996,0.06276112161359239,5.7711223602294925,0.3467851871302188,0.05673511810600753,5.0,13.0,0.0,train,5
Netherlands,1988,2.7155776977539063,0.24068882284106874,9.268327903747558,1.2924666208120246,0.05338673703372474,2.0,9.0,0.0,train,5
Netherlands,1992,2.9441277980804443,0.08346318744818287,9.99887809753418,0.8847979165781664,0.05375183690339323,2.0,15.0,0.0,train,5
Netherlands,1996,3.6962984561920167,0.1367201596099028,12.336216735839844,0.7322872231710256,0.05408536083996289,4.0,19.0,0.0,train,5
Netherlands,2000,4.235414981842041,0.16971992928003674,13.909070014953613,1.3387550319645491,0.052542333677411034,12.0,25.0,0.0,train,5
Netherlands,2004,7.322862434387207,0.3094255119400452,22.484268569946288,1.0612791658945724,0.046224115230143005,4.0,22.0,0.0,train,5
Netherlands,2008,7.825326251983642,0.7833823868737569,23.963298034667968,1.5891053186306578,0.04567601438611742,7.0,16.0,0.0,train,5
Netherlands,2012,7.925410366058349,1.1283737114361947,24.17402572631836,2.3734571357530005,0.04399312566965812,6.0,20.0,0.0,train,5
Netherlands,2016,6.51888484954834,0.5335898113776089,20.231814193725587,1.205217690184584,0.042993630468845315,8.0,19.0,0.0,train,5
Netherlands,2020,7.063962078094482,0.7246091626232306,21.67588691711426,1.5949429228918577,0.041617104224860625,10.0,36.0,0.0,val,5
Netherlands,2024,9.51426067352295,0.7863109913040586,28.289091491699217,1.7218589465952374,0.040100215189158864,15.0,34.0,0.0,val,5
New Zealand,1964,1.4196972846984863,0.10322411957389976,4.829275131225586,0.9130878484443644,0.03357344251126046,3.0,5.0,0.0,train,5
New Zealand,1968,1.787657380104065,0.10970579065018357,5.975192451477051,0.9962301630145699,0.03357344251126046,1.0,3.0,0.0,train,5
New Zealand,1972,1.576988983154297,0.09185770100747792,5.335031127929687,0.8451223355453433,0.03357344251126046,1.0,3.0,0.0,train,5
New Zealand,1976,1.4259163379669189,0.09884903864989034,4.862034034729004,0.8172503838354431,0.03357344251126046,2.0,4.0,0.0,train,5
New Zealand,1980,1.4311264276504516,0.14851750457395013,4.87698221206665,1.0192857505873958,0.03357344251126046,0.0,0.0,0.0,train,5
New Zealand,1984,1.053550124168396,0.10484037435106772,3.673092079162598,0.7880855501944672,0.03357344251126046,8.0,11.0,0.0,train,5
New Zealand,1988,2.8306741237640383,0.2778575608760995,9.16116714477539,1.5671249828246854,0.03357344251126046,3.0,13.0,0.0,train,5
New Zealand,1992,3.3182634830474855,0.21407314283268652,10.692236518859863,1.4706320485871072,0.03357344251126046,1.0,10.0,0.0,train,5
New Zealand,1996,3.4914291381835936,0.2734663136093715,11.269764137268066,1.0361764485595857,0.03357344251126046,3.0,6.0,0.0,train,5
New Zealand,2000,2.6576502323150635,0.18878770310237591,8.734920406341553,1.2405662371722308,0.03357344251126046,1.0,4.0,0.0,train,5
New Zealand,2004,1.8809988975524903,0.14286454585972128,6.317580604553223,0.9993355636481953,0.03357344251126046,3.0,5.0,0.0,train,5
New Zealand,2008,1.9596869945526123,0.12035173819850685,6.526224803924561,0.9968845389236201,0.03357344251126046,3.0,9.0,0.0,train,5
New Zealand,2012,2.274149036407471,0.19939659133399296,7.5053071022033695,1.294556050937897,0.03357344251126046,6.0,13.0,0.0,train,5
New Zealand,2016,3.591610813140869,0.21235349022807667,11.496553230285645,1.4647545337528285,0.03357344251126046,4.0,18.0,0.0,train,5
New Zealand,2020,4.4563775062561035,0.22756237010216024,14.043256378173828,1.3647375900422611,0.03357344251126046,7.0,20.0,0.0,val,5
New Zealand,2024,5.892566204071045,0.3821606836434341,18.113111114501955,1.2769943014877903,0.03357344251126046,10.0,20.0,0.0,val,5
Nigeria,1964,0.6206924676895141,0.16948130963684352,2.2302955627441405,0.8996627944026236,0.03357344251126046,0.0,1.0,0.0,train,5
Nigeria,1968,0.6676949024200439,0.1798028624525253,2.3903839111328127,0.9376466183522708,0.03357344251126046,0.0,0.0,0.0,train,5
Nigeria,1972,0.6543103933334351,0.17200575097891496,2.345773696899414,0.9109589525521297,0.03357344251126046,0.0,1.0,0.0,train,5
Nigeria,1976,0.6921931028366088,0.1783568057018936,2.4748106956481934,0.9351769426412802,0.03357344251126046,0.0,0.0,0.0,train,5
Nigeria,1980,0.6543103933334351,0.17200575097891496,2.345773696899414,0.9109589525521297,0.03357344251126046,0.0,0.0,0.0,train,5
Nigeria,1984,0.645011568069458,0.16808819834581176,2.3141171455383303,0.8970605231605525,0.03357344251126046,0.0,2.0,0.0,train,5
Nigeria,1988,0.7153530836105346,0.19032908262914094,2.5526006698608397,0.9769118706903855,0.03357344251126046,0.0,0.0,0.0,train,5
Nigeria,1992,0.6884437322616577,0.17470677482356542,2.4629925727844237,0.9228991973352061,0.03357344251126046,0.0,4.0,0.0,train,5
Nigeria,1996,0.8652296543121338,0.21030421775032968,3.05969877243042,1.0566947877390804,0.03357344251126046,2.0,6.0,0.0,train,5
Nigeria,2000,1.3520843505859375,0.24972708663188284,4.633480548858643,1.279693331212182,0.03357344251126046,1.0,3.0,0.0,train,5
Nigeria,2004,1.4199493169784545,0.16624172914835483,4.859806632995605,1.03720544396616,0.03357344251126046,0.0,2.0,0.0,train,5
Nigeria,2008,1.189702320098877,0.11949733317987069,4.1221212387084964,0.8172453988581799,0.03357344251126046,0.0,5.0,0.0,train,5
Nigeria,2012,1.0775981664657592,0.201331004040885,3.760084342956543,1.0610768652025941,0.03357344251126046,0.0,0.0,0.0,train,5
Nigeria,2016,0.8459714174270629,0.18166596682187922,3.0027668952941893,0.9592844344392623,0.03357344251126046,0.0,1.0,0.0,train,5
Nigeria,2020,0.7942841529846192,0.17416132841692547,2.8264646530151367,0.9274140010089407,0.03357344251126046,0.0,2.0,0.0,val,5
Nigeria,2024,0.7494386434555054,0.1928535356523141,2.669665050506592,0.9892643291759153,0.03357344251126046,0.0,0.0,0.0,val,5
North Korea,1964,0.6206924676895141,0.16948130963684352,2.2302955627441405,0.8996627944026236,0.03357344251126046,0.0,0.0,0.0,train,5
North Korea,1968,0.6206924676895141,0.16948130963684352,2.2302955627441405,0.8996627944026236,0.03357344251126046,0.0,0.0,0.0,train,5
North Korea,1972,0.6206924676895141,0.16948130963684352,2.2302955627441405,0.8996627944026236,0.03357344251126046,1.0,5.0,0.0,train,5
North Korea,1976,0.9928386688232422,0.2160903120817828,3.4687047958374024,1.1190135039987437,0.03357344251126046,1.0,2.0,0.0,train,5
North Korea,1980,1.1052277326583861,0.16999685984362284,3.8380931854248046,1.0114227490003675,0.03357344251126046,0.0,5.0,0.0,train,5
North Korea,1984,1.2225094795227052,0.17518898057770294,4.232575416564941,1.0095324898972893,0.03357344251126046,0.0,0.0,0.0,train,5
North Korea,1988,0.8988653898239136,0.15309263461142367,3.175024700164795,0.8888448333494403,0.03357344251126046,0.0,0.0,0.0,train,5
North Korea,1992,0.7463645935058594,0.1641805819519918,2.663275623321533,0.888765987023059,0.03357344251126046,4.0,9.0,0.0,train,5
North Korea,1996,1.6841363430023193,0.28930496829193486,5.649142265319824,1.4406726897211541,0.03357344251126046,2.0,5.0,0.0,train,5
North Korea,2000,1.9278563261032104,0.16986085323335193,6.432919216156006,1.160152996207653,0.03357344251126046,0.0,4.0,0.0,train,5
North Korea,2004,1.7630070686340331,0.12393752532130609,5.947704601287842,0.7845717912698918,0.03357344251126046,0.0,5.0,0.0,train,5
North Korea,2008,1.2834208250045775,0.18158413579458485,4.434708786010742,1.0230594479483275,0.03357344251126046,2.0,6.0,0.0,train,5
North Korea,2012,1.5217135667800903,0.26096966031236646,5.185447692871094,1.320728914433248,0.03357344251126046,4.0,6.0,0.0,train,5
North Korea,2016,2.1410720586776733,0.2189278247957528,7.089568042755127,1.3188429262459345,0.03357344251126046,2.0,7.0,0.0,train,5
North Korea,2020,2.2923808097839355,0.13138516979815007,7.567522144317627,1.0652992020906085,0.03357344251126046,0.0,0.0,0.0,val,5
North Korea,2024,1.4992181301116942,0.12797043564092575,5.098447608947754,0.6836108446591983,0.03357344251126046,0.0,6.0,0.0,val,5
Norway,1964,1.3079482316970825,0.09237998077170946,4.482518482208252,0.7504273480361529,0.03357344251126046,0.0,0.0,0.0,train,5
Norway,1968,0.8542885065078736,0.11752416526898796,3.016270160675049,0.7997731011572368,0.03357344251126046,1.0,2.0,0.0,train,5
Norway,1972,0.9118030071258545,0.14487097642372448,3.2007357597351076,0.9187144444076878,0.03357344251126046,2.0,4.0,0.0,train,5
Norway,1976,1.23395676612854,0.17564547133586303,4.241212368011475,1.0720334773863731,0.03357344251126046,1.0,2.0,0.0,train,5
Norway,1980,1.2700854301452638,0.11085773321784646,4.362756252288818,0.8770774838152293,0.03357344251126046,0.0,0.0,0.0,train,5
Norway,1984,0.978397274017334,0.10113739106869,3.4261046409606934,0.7486200869494096,0.03357344251126046,0.0,3.0,0.0,train,5
Norway,1988,0.8655051946640014,0.16840471709537583,3.057534694671631,0.9433657281995775,0.03357344251126046,2.0,5.0,0.0,train,5
Norway,1992,1.2495923280715941,0.22562978342753864,4.30144853591919,1.1976707543456266,0.03357344251126046,2.0,7.0,0.0,train,5
Norway,1996,1.7481994390487672,0.2250573736921932,5.883555316925049,1.2704030781855578,0.03357344251126046,2.0,7.0,0.0,train,5
Norway,2000,2.071389675140381,0.17300813324581782,6.895275592803955,1.164114482833895,0.03357344251126046,4.0,10.0,0.0,train,5
Norway,2004,2.7259143352508546,0.22697776297016997,8.912240791320801,1.4235695729667663,0.03357344251126046,5.0,6.0,0.0,train,5
Norway,2008,3.0541019439697266,0.16381865045598606,9.891018295288086,1.2448526243779565,0.03357344251126046,3.0,9.0,0.0,train,5
Norway,2012,3.1325422286987306,0.1963017568905234,10.139680480957031,1.0996275891421392,0.03357344251126046,2.0,4.0,0.0,train,5
Norway,2016,2.4002957344055176,0.16564144286532495,7.895218276977539,0.8936023796917648,0.03357344251126046,0.0,4.0,0.0,train,5
Norway,2020,1.6322113037109376,0.11722120262842835,5.5363236427307125,0.8220775558921618,0.03357344251126046,4.0,8.0,0.0,val,5
Norway,2024,2.0768261671066286,0.2249538007830258,6.888180255889893,1.3157387040144293,0.03357344251126046,4.0,8.0,0.0,val,5
Pakistan,1964,0.8698241233825683,0.178810999245687,3.065273094177246,0.9996563145518759,0.03357344251126046,0.0,1.0,0.0,train,5
Pakistan,1968,0.8336372613906861,0.15657720838254102,2.9513444900512695,0.9119469248802974,0.03357344251126046,1.0,1.0,0.0,train,5
Pakistan,1972,0.9242514848709107,0.13615485769085872,3.2448052406311034,0.8894445357859334,0.03357344251126046,0.0,1.0,0.0,train,5
Pakistan,1976,0.7978782415390014,0.15388461442074836,2.829006290435791,0.9002198346647821,0.03357344251126046,0.0,1.0,0.0,train,5
Pakistan,1980,0.775917649269104,0.1521764158435009,2.7549912452697756,0.8815930535666776,0.03357344251126046,0.0,0.0,0.0,train,5
Pakistan,1984,0.6788471698760986,0.170662544658157,2.4303449630737304,0.9084849222595961,0.03357344251126046,1.0,1.0,0.0,train,5
Pakistan,1988,0.8096150875091552,0.1629371437578559,2.8640886306762696,0.9452855360158181,0.03357344251126046,0.0,1.0,0.0,train,5
Pakistan,1992,0.7725708723068238,0.15519455374499674,2.741883373260498,0.9031802213912196,0.03357344251126046,0.0,1.0,0.0,train,5
Pakistan,1996,0.775917649269104,0.1521764158435009,2.7549912452697756,0.8815930535666776,0.03357344251126046,0.0,0.0,0.0,train,5
Pakistan,2000,0.6788471698760986,0.170662544658157,2.4303449630737304,0.9084849222595961,0.03357344251126046,0.0,0.0,0.0,train,5
Pakistan,2004,0.645011568069458,0.16808819834581176,2.3141171455383303,0.8970605231605525,0.03357344251126046,0.0,0.0,0.0,train,5
Pakistan,2008,0.6206924676895141,0.16948130963684352,2.2302955627441405,0.8996627944026236,0.03357344251126046,0.0,0.0,0.0,train,5
Pakistan,2012,0.6206924676895141,0.16948130963684352,2.2302955627441405,0.8996627944026236,0.03357344251126046,0.0,0.0,0.0,train,5
Pakistan,2016,0.6206924676895141,0.16948130963684352,2.2302955627441405,0.8996627944026236,0.03357344251126046,0.0,0.0,0.0,train,5
Pakistan,2020,0.6206924676895141,0.16948130963684352,2.2302955627441405,0.8996627944026236,0.03357344251126046,0.0,0.0,0.0,val,5
Pakistan,2024,0.6206924676895141,0.16948130963684352,2.2302955627441405,0.8996627944026236,0.03357344251126046,1.0,1.0,0.0,val,5
Philippines,1964,0.6206924676895141,0.16948130963684352,2.2302955627441405,0.8996627944026236,0.03357344251126046,0.0,1.0,0.0,train,5
Philippines,1968,0.6676949024200439,0.1798028624525253,2.3903839111328127,0.9376466183522708,0.03357344251126046,0.0,0.0,0.0,train,5
Philippines,1972,0.6543103933334351,0.17200575097891496,2.345773696899414,0.9109589525521297,0.03357344251126046,0.0,0.0,0.0,train,5
Philippines,1976,0.645011568069458,0.16808819834581176,2.3141171455383303,0.8970605231605525,0.03357344251126046,0.0,0.0,0.0,train,5
Philippines,1980,0.6206924676895141,0.16948130963684352,2.2302955627441405,0.8996627944026236,0.03357344251126046,0.0,0.0,0.0,train,5
Philippines,1984,0.6206924676895141,0.16948130963684352,2.2302955627441405,0.8996627944026236,0.03357344251126046,0.0,0.0,0.0,train,5
Philippines,1988,0.6206924676895141,0.16948130963684352,2.2302955627441405,0.8996627944026236,0.03357344251126046,0.0,1.0,0.0,train,5
Philippines,1992,0.6676949024200439,0.1798028624525253,2.3903839111328127,0.9376466183522708,0.03357344251126046,0.0,1.0,0.0,train,5
Philippines,1996,0.7015465259552002,0.1823306339789058,2.506655788421631,0.9495006974017731,0.03357344251126046,0.0,1.0,0.0,train,5
Philippines,2000,0.7262634754180908,0.18093037222940378,2.5918365478515626,0.9471471928457222,0.03357344251126046,0.0,0.0,0.0,train,5
Philippines,2004,0.6788471698760986,0.170662544658157,2.4303449630737304,0.9084849222595961,0.03357344251126046,0.0,0.0,0.0,train,5
Philippines,2008,0.645011568069458,0.16808819834581176,2.3141171455383303,0.8970605231605525,0.03357344251126046,0.0,0.0,0.0,train,5
Philippines,2012,0.6206924676895141,0.16948130963684352,2.2302955627441405,0.8996627944026236,0.03357344251126046,0.0,0.0,0.0,train,5
Philippines,2016,0.6206924676895141,0.16948130963684352,2.2302955627441405,0.8996627944026236,0.03357344251126046,0.0,1.0,0.0,train,5
Philippines,2020,0.6676949024200439,0.1798028624525253,2.3903839111328127,0.9376466183522708,0.03357344251126046,1.0,4.0,0.0,val,5
Philippines,2024,0.9756253957748413,0.2052857845882718,3.4143364906311033,1.0869622368553018,0.03357344251126046,2.0,4.0,0.0,val,5
Poland,1964,3.3321115970611572,0.48793112836810815,10.759629440307616,2.1764727968398043,0.03357344251126046,7.0,23.0,0.0,train,5
Poland,1968,5.492582035064697,0.3044078106022242,16.98232498168945,1.684752403034554,0.03357344251126046,5.0,18.0,0.0,train,5
Poland,1972,6.437468147277832,0.45156764244400993,19.69455032348633,1.2621066545909434,0.03357344251126046,7.0,21.0,0.0,train,5
Poland,1976,6.982059192657471,0.6115663102661251,21.194058990478517,1.4583046263099864,0.03357344251126046,7.0,26.0,0.0,train,5
Poland,1980,7.381201267242432,0.5200204474981148,22.301599502563477,1.3730130172724049,0.03357344251126046,3.0,32.0,0.0,train,5
Poland,1984,7.936436462402344,0.601425477982937,23.91953125,1.4367548858969006,0.03357344251126046,0.0,0.0,0.0,train,5
Poland,1988,4.681182098388672,0.371325510694309,14.81090202331543,1.0313924928857539,0.03357344251126046,2.0,16.0,0.0,train,5
Poland,1992,3.464854097366333,0.31882264436905516,11.237773132324218,1.6225171123296833,0.03357344251126046,3.0,19.0,0.0,train,5
Poland,1996,3.2670162200927733,0.5168223179838725,10.581656455993652,2.2599378624415563,0.03357344251126046,7.0,17.0,0.0,train,5
Poland,2000,5.190230846405029,0.24573049236024236,16.14399242401123,1.4558709611503389,0.03357344251126046,6.0,14.0,0.0,train,5
Poland,2004,5.579031753540039,0.3863937941601713,17.24021759033203,1.2531358151648258,0.03357344251126046,3.0,10.0,0.0,train,5
Poland,2008,4.66331262588501,0.47663892677724157,14.659330749511719,1.261156722016464,0.03357344251126046,4.0,11.0,0.0,train,5
Poland,2012,3.8829997062683104,0.2457943255444508,12.39594841003418,1.1565722777198297,0.03357344251126046,3.0,11.0,0.0,train,5
Poland,2016,3.3476967811584473,0.1862628704819379,10.82041072845459,1.3200245080685256,0.03357344251126046,2.0,11.0,0.0,train,5
Poland,2020,3.171042966842651,0.18693029049128795,10.30714054107666,1.282582209235727,0.03357344251126046,4.0,14.0,0.0,val,5
Poland,2024,3.5404826164245606,0.2444223851248765,11.40012722015381,1.539619245907835,0.03357344251126046,1.0,10.0,0.0,val,5
Portugal,1964,0.6921931028366088,0.1783568057018936,2.4748106956481934,0.9351769426412802,0.03357344251126046,0.0,0.0,0.0,train,5
Portugal,1968,0.6543103933334351,0.17200575097891496,2.345773696899414,0.9109589525521297,0.03357344251126046,0.0,0.0,0.0,train,5
Portugal,1972,0.645011568069458,0.16808819834581176,2.3141171455383303,0.8970605231605525,0.03357344251126046,0.0,0.0,0.0,train,5
Portugal,1976,0.6206924676895141,0.16948130963684352,2.2302955627441405,0.8996627944026236,0.03357344251126046,0.0,2.0,0.0,train,5
Portugal,1980,0.7153530836105346,0.19032908262914094,2.5526006698608397,0.9769118706903855,0.03357344251126046,0.0,0.0,0.0,train,5
Portugal,1984,0.6884437322616577,0.17470677482356542,2.4629925727844237,0.9228991973352061,0.03357344251126046,1.0,3.0,0.0,train,5
Portugal,1988,0.938455867767334,0.18565988615849655,3.294150638580322,1.0239846443912017,0.03357344251126046,1.0,1.0,0.0,train,5
Portugal,1992,0.9694956779479981,0.1468200658013207,3.393226146697998,0.9383889777347079,0.03357344251126046,0.0,0.0,0.0,train,5
Portugal,1996,0.8542885065078736,0.11752416526898796,3.016270160675049,0.7997731011572368,0.03357344251126046,1.0,2.0,0.0,train,5
Portugal,2000,0.9118030071258545,0.14487097642372448,3.2007357597351076,0.9187144444076878,0.03357344251126046,0.0,2.0,0.0,train,5
Portugal,2004,0.8574101448059082,0.1678642571809613,3.0297045707702637,0.9528142301243038,0.03357344251126046,0.0,3.0,0.0,train,5
Portugal,2008,0.9390309095382691,0.17490509065259258,3.304393100738525,0.9683481287594476,0.03357344251126046,1.0,2.0,0.0,train,5
Portugal,2012,0.9992228746414185,0.1852023927232421,3.498355007171631,1.025242290336198,0.03357344251126046,0.0,1.0,0.0,train,5
Portugal,2016,0.8871589660644531,0.1546682819679719,3.1329665184020996,0.907297271144627,0.03357344251126046,0.0,1.0,0.0,train,5
Portugal,2020,0.801872444152832,0.15117442242037687,2.844319152832031,0.8788239852275713,0.03357344251126046,1.0,4.0,0.0,val,5
Portugal,2024,1.0031673192977906,0.20511389289975226,3.5060319900512695,1.0866041422367978,0.03357344251126046,1.0,4.0,0.0,val,5
Puerto Rico,1964,0.6206924676895141,0.16948130963684352,2.2302955627441405,0.8996627944026236,0.03357344251126046,0.0,0.0,0.0,train,5
Puerto Rico,1968,0.6206924676895141,0.16948130963684352,2.2302955627441405,0.8996627944026236,0.03357344251126046,0.0,0.0,0.0,train,5
Puerto Rico,1972,0.6206924676895141,0.16948130963684352,2.2302955627441405,0.8996627944026236,0.03357344251126046,0.0,0.0,0.0,train,5
Puerto Rico,1976,0.6206924676895141,0.16948130963684352,2.2302955627441405,0.8996627944026236,0.03357344251126046,0.0,1.0,0.0,train,5
Puerto Rico,1980,0.6676949024200439,0.1798028624525253,2.3903839111328127,0.9376466183522708,0.03357344251126046,0.0,0.0,0.0,train,5
Puerto Rico,1984,0.6543103933334351,0.17200575097891496,2.345773696899414,0.9109589525521297,0.03357344251126046,0.0,2.0,0.0,train,5
Puerto Rico,1988,0.7400304794311523,0.18883126834250494,2.637633800506592,0.9745556568465512,0.03357344251126046,0.0,0.0,0.0,train,5
Puerto Rico,1992,0.6884437322616577,0.17470677482356542,2.4629925727844237,0.9228991973352061,0.03357344251126046,0.0,1.0,0.0,train,5
Puerto Rico,1996,0.7170975208282471,0.1770630675331396,2.5606220245361326,0.9329112547512322,0.03357344251126046,0.0,1.0,0.0,train,5
Puerto Rico,2000,0.7015465259552002,0.1823306339789058,2.506655788421631,0.9495006974017731,0.03357344251126046,0.0,0.0,0.0,train,5
Puerto Rico,2004,0.6788471698760986,0.170662544658157,2.4303449630737304,0.9084849222595961,0.03357344251126046,0.0,0.0,0.0,train,5
Puerto Rico,2008,0.645011568069458,0.16808819834581176,2.3141171455383303,0.8970605231605525,0.03357344251126046,0.0,0.0,0.0,train,5
Puerto Rico,2012,0.6206924676895141,0.16948130963684352,2.2302955627441405,0.8996627944026236,0.03357344251126046,0.0,2.0,0.0,train,5
Puerto Rico,2016,0.7153530836105346,0.19032908262914094,2.5526006698608397,0.9769118706903855,0.03357344251126046,1.0,1.0,0.0,train,5
Puerto Rico,2020,0.8550620555877686,0.1701704323710369,3.017651176452637,0.9719284507918226,0.03357344251126046,1.0,1.0,0.0,val,5
Puerto Rico,2024,0.9475597381591797,0.13833425644744113,3.3211589813232423,0.9086555126580382,0.03357344251126046,0.0,2.0,0.0,val,5
Qatar,1964,0.6206924676895141,0.16948130963684352,2.2302955627441405,0.8996627944026236,0.03357344251126046,0.0,0.0,0.0,train,5
Qatar,1968,0.6206924676895141,0.16948130963684352,2.2302955627441405,0.8996627944026236,0.03357344251126046,0.0,0.0,0.0,train,5
Qatar,1972,0.6206924676895141,0.16948130963684352,2.2302955627441405,0.8996627944026236,0.03357344251126046,0.0,0.0,0.0,train,5
Qatar,1976,0.6206924676895141,0.16948130963684352,2.2302955627441405,0.8996627944026236,0.03357344251126046,0.0,0.0,0.0,train,5
Qatar,1980,0.6206924676895141,0.16948130963684352,2.2302955627441405,0.8996627944026236,0.03357344251126046,0.0,0.0,0.0,train,5
Qatar,1984,0.6206924676895141,0.16948130963684352,2.2302955627441405,0.8996627944026236,0.03357344251126046,0.0,0.0,0.0,train,5
Qatar,1988,0.6206924676895141,0.16948130963684352,2.2302955627441405,0.8996627944026236,0.03357344251126046,0.0,0.0,0.0,train,5
Qatar,1992,0.6206924676895141,0.16948130963684352,2.2302955627441405,0.8996627944026236,0.03357344251126046,0.0,1.0,0.0,train,5
Qatar,1996,0.6676949024200439,0.1798028624525253,2.3903839111328127,0.9376466183522708,0.03357344251126046,0.0,0.0,0.0,train,5
Qatar,2000,0.6543103933334351,0.17200575097891496,2.345773696899414,0.9109589525521297,0.03357344251126046,0.0,1.0,0.0,train,5
Qatar,2004,0.6921931028366088,0.1783568057018936,2.4748106956481934,0.9351769426412802,0.03357344251126046,0.0,0.0,0.0,train,5
Qatar,2008,0.6543103933334351,0.17200575097891496,2.345773696899414,0.9109589525521297,0.03357344251126046,0.0,0.0,0.0,train,5
Qatar,2012,0.645011568069458,0.16808819834581176,2.3141171455383303,0.8970605231605525,0.03357344251126046,0.0,2.0,0.0,train,5
Qatar,2016,0.7153530836105346,0.19032908262914094,2.5526006698608397,0.9769118706903855,0.03357344251126046,0.0,1.0,0.0,train,5
Qatar,2020,0.7359162092208862,0.18502988726767403,2.6246771812438965,0.9619783997576766,0.03357344251126046,2.0,3.0,0.0,val,5
Qatar,2024,1.11166410446167,0.1827368927266249,3.851108455657959,1.0563940814589394,0.03357344251126046,0.0,1.0,0.0,val,5
Romania,1964,3.062231683731079,0.2252463812676732,9.949703598022461,1.472665056178977,0.03357344251126046,2.0,12.0,0.0,train,5
Romania,1968,3.3949087142944334,0.18753172008732344,10.980440711975097,1.207985276939606,0.03357344251126046,4.0,15.0,0.0,train,5
Romania,1972,3.630130338668823,0.2584192261734824,11.66391716003418,1.5885186694791187,0.03357344251126046,3.0,16.0,0.0,train,5
Romania,1976,3.972793436050415,0.2547362647836588,12.681999015808106,1.5747738123510961,0.03357344251126046,4.0,27.0,0.0,train,5
Romania,1980,5.355533218383789,0.25514257563710324,16.652261543273926,1.4993598191142226,0.03357344251126046,6.0,25.0,0.0,train,5
Romania,1984,6.533471870422363,0.26653216015124964,19.969462203979493,1.3763148017194355,0.03357344251126046,20.0,53.0,0.0,train,5
Romania,1988,13.551067733764649,0.534166391784357,38.712225341796874,1.193050235259648,0.03357344251126046,7.0,24.0,0.0,train,5
Romania,1992,14.16728687286377,1.1682798103500853,40.46286163330078,2.3112322381615074,0.03357344251126046,4.0,18.0,0.0,train,5
Romania,1996,12.719251823425292,1.8202935685787456,36.73411102294922,3.8196522136588635,0.03357344251126046,4.0,20.0,0.0,train,5
Romania,2000,6.092366504669189,0.4729885820315752,18.74979934692383,1.2447441722870336,0.03357344251126046,11.0,26.0,0.0,train,5
Romania,2004,7.500871753692627,0.3779200715008709,22.592700576782228,1.2649225153722732,0.03357344251126046,8.0,19.0,0.0,train,5
Romania,2008,8.242950916290283,0.7600148466046612,24.650165557861328,1.723565705445736,0.03357344251126046,4.0,9.0,0.0,train,5
Romania,2012,6.907692337036133,1.1019606789714642,20.974498748779297,2.4155428056357477,0.03357344251126046,2.0,7.0,0.0,train,5
Romania,2016,3.8158201694488527,0.3998177305569697,12.220590972900391,1.089631234571169,0.03357344251126046,1.0,4.0,0.0,train,5
Romania,2020,2.0331492900848387,0.12748461657622595,6.783146858215332,0.862912727621645,0.03357344251126046,1.0,4.0,0.0,val,5
Romania,2024,1.532425093650818,0.13621526725261543,5.216676998138428,0.9496061873163006,0.03357344251126046,3.0,9.0,0.0,val,5
Russia,1964,33.874272155761716,0.6162066076843711,90.96638488769531,2.8578708267919257,0.03357344251126046,30.0,96.0,0.0,train,5
Russia,1968,35.30594329833984,0.6805462508079043,94.75301361083984,3.0557909496487934,0.03357344251126046,29.0,91.0,0.0,train,5
Russia,1972,34.86904067993164,0.73195917610853,93.64160919189453,3.0621870634753092,0.03357344251126046,50.0,99.0,0.0,train,5
Russia,1976,35.95148620605469,1.2283746681285628,96.10958557128906,3.8338703531245892,0.03559492100030178,49.0,125.0,0.0,train,5
Russia,1980,37.94079742431641,2.1486759902983894,101.13693695068359,5.517471844903375,0.042950436100363684,80.0,195.0,1.0,train,5
Russia,1984,39.491606903076175,1.079341197634064,105.55333251953125,3.5933499136683333,0.0674913194030523,0.0,0.0,0.0,train,5
Russia,1988,34.93164138793945,2.233406252395103,93.80031890869141,5.97388834323218,0.054428730532526934,55.0,132.0,0.0,train,5
Russia,1992,34.43417129516602,0.6803263664590445,92.46317749023437,2.1579706198297885,0.04495668858289716,45.0,112.0,0.0,train,5
Russia,1996,30.888005828857423,0.46050596561925117,83.28905792236328,2.090635801128906,0.0423070047050714,26.0,63.0,0.0,train,5
Russia,2000,36.052557373046874,0.5986946118554862,96.97821655273438,2.907222254871935,0.04323912430554624,32.0,89.0,0.0,train,5
Russia,2004,34.37652740478516,0.754127468868635,92.64992828369141,2.76101129528309,0.043773572891950566,28.0,90.0,0.0,train,5
Russia,2008,32.39781494140625,0.7765391216456092,87.53365631103516,2.6638917056614346,0.04445947352796792,24.0,60.0,0.0,train,5
Russia,2012,32.58734283447266,0.7253892371531063,88.06897583007813,2.551682053720203,0.04529881104826922,18.0,65.0,0.0,train,5
Russia,2016,30.2397819519043,1.070148610170056,82.0844512939453,2.685671286591462,0.04641120117157692,19.0,56.0,0.0,train,5
Russia,2020,27.0170036315918,1.5078965468432277,73.82942047119141,3.206465502199729,0.047428848780691556,20.0,71.0,0.0,val,5
Russia,2024,26.738533782958985,1.3950410071535129,73.13939514160157,2.987838953702967,0.04834849424660202,0.0,0.0,0.0,val,5
Serbia,1964,1.0848927736282348,0.15497889059549408,3.77530574798584,0.9516196231087045,0.03357344251126046,2.0,5.0,0.0,train,5
Serbia,1968,1.3851224184036255,0.1919693917355407,4.734178447723389,1.1280150040248587,0.03357344251126046,3.0,8.0,0.0,train,5
Serbia,1972,2.0168535232543947,0.208370642316666,6.705153751373291,1.2774739427377348,0.03357344251126046,2.0,5.0,0.0,train,5
Serbia,1976,2.1034546852111817,0.13092610854786893,6.986831188201904,1.0429943626548417,0.03357344251126046,2.0,8.0,0.0,train,5
Serbia,1980,2.2406373023986816,0.15184363544643054,7.42042121887207,1.1065642527227135,0.03357344251126046,2.0,9.0,0.0,train,5
Serbia,1984,2.264197015762329,0.21364983347989827,7.501567459106445,1.3087521210532271,0.03357344251126046,7.0,18.0,0.0,train,5
Serbia,1988,4.082742071151733,0.3161114759713532,12.921804618835449,1.7358304235952264,0.03357344251126046,3.0,12.0,0.0,train,5
Serbia,1992,4.172688627243042,0.21392291667658875,13.241287994384766,1.3260501459672225,0.03357344251126046,0.0,0.0,0.0,train,5
Serbia,1996,2.7731435775756834,0.30501962501465285,9.089871597290038,0.8409855990574522,0.03357344251126046,1.0,4.0,0.0,train,5
Serbia,2000,1.5119338035583496,0.1289610928218835,5.153194236755371,0.8688116665934404,0.03357344251126046,1.0,3.0,0.0,train,5
Serbia,2004,1.1197781324386598,0.17884915643733507,3.883815956115723,1.039346422434017,0.03357344251126046,0.0,2.0,0.0,train,5
Serbia,2008,1.06458740234375,0.14060723750736284,3.7154592514038085,0.8878318156731324,0.03357344251126046,0.0,3.0,0.0,train,5
Serbia,2012,0.9674376726150513,0.17425103049399884,3.399570846557617,0.966709399493259,0.03357344251126046,1.0,4.0,0.0,train,5
Serbia,2016,1.110794973373413,0.21571413088081787,3.862147903442383,1.1247185176575658,0.03357344251126046,2.0,8.0,0.0,train,5
Serbia,2020,1.6664724588394164,0.2647142054391822,5.631829071044922,1.3608525709037553,0.03357344251126046,3.0,9.0,0.0,val,5
Serbia,2024,2.3202703952789308,0.25105885464438615,7.664362525939941,1.431627504274692,0.03357344251126046,3.0,5.0,0.0,val,5
Singapore,1964,0.6676949024200439,0.1798028624525253,2.3903839111328127,0.9376466183522708,0.03357344251126046,0.0,0.0,0.0,train,5
Singapore,1968,0.6543103933334351,0.17200575097891496,2.345773696899414,0.9109589525521297,0.03357344251126046,0.0,0.0,0.0,train,5
Singapore,1972,0.645011568069458,0.16808819834581176,2.3141171455383303,0.8970605231605525,0.03357344251126046,0.0,0.0,0.0,train,5
Singapore,1976,0.6206924676895141,0.16948130963684352,2.2302955627441405,0.8996627944026236,0.03357344251126046,0.0,0.0,0.0,train,5
Singapore,1980,0.6206924676895141,0.16948130963684352,2.2302955627441405,0.8996627944026236,0.03357344251126046,0.0,0.0,0.0,train,5
Singapore,1984,0.6206924676895141,0.16948130963684352,2.2302955627441405,0.8996627944026236,0.03357344251126046,0.0,0.0,0.0,train,5
Singapore,1988,0.6206924676895141,0.16948130963684352,2.2302955627441405,0.8996627944026236,0.03357344251126046,0.0,0.0,0.0,train,5
Singapore,1992,0.6206924676895141,0.16948130963684352,2.2302955627441405,0.8996627944026236,0.03357344251126046,0.0,0.0,0.0,train,5
Singapore,1996,0.6206924676895141,0.16948130963684352,2.2302955627441405,0.8996627944026236,0.03357344251126046,0.0,0.0,0.0,train,5
Singapore,2000,0.6206924676895141,0.16948130963684352,2.2302955627441405,0.8996627944026236,0.03357344251126046,0.0,0.0,0.0,train,5
Singapore,2004,0.6206924676895141,0.16948130963684352,2.2302955627441405,0.8996627944026236,0.03357344251126046,0.0,0.0,0.0,train,5
Singapore,2008,0.6206924676895141,0.16948130963684352,2.2302955627441405,0.8996627944026236,0.03357344251126046,0.0,1.0,0.0,train,5
Singapore,2012,0.6676949024200439,0.1798028624525253,2.3903839111328127,0.9376466183522708,0.03357344251126046,0.0,2.0,0.0,train,5
Singapore,2016,0.7494386434555054,0.1928535356523141,2.669665050506592,0.9892643291759153,0.03357344251126046,1.0,1.0,0.0,train,5
Singapore,2020,0.8813099145889283,0.16925339238550152,3.106249237060547,0.9697129675620757,0.03357344251126046,0.0,0.0,0.0,val,5
Singapore,2024,0.775508189201355,0.1431957857057184,2.7537935256958006,0.8615532334677574,0.03357344251126046,0.0,1.0,0.0,val,5
Slovakia,1964,0.6206924676895141,0.16948130963684352,2.2302955627441405,0.8996627944026236,0.03357344251126046,0.0,0.0,0.0,train,5
Slovakia,1968,0.6206924676895141,0.16948130963684352,2.2302955627441405,0.8996627944026236,0.03357344251126046,0.0,0.0,0.0,train,5
Slovakia,1972,0.6206924676895141,0.16948130963684352,2.2302955627441405,0.8996627944026236,0.03357344251126046,0.0,0.0,0.0,train,5
Slovakia,1976,0.6206924676895141,0.16948130963684352,2.2302955627441405,0.8996627944026236,0.03357344251126046,0.0,0.0,0.0,train,5
Slovakia,1980,0.6206924676895141,0.16948130963684352,2.2302955627441405,0.8996627944026236,0.03357344251126046,0.0,0.0,0.0,train,5
Slovakia,1984,0.6206924676895141,0.16948130963684352,2.2302955627441405,0.8996627944026236,0.03357344251126046,0.0,0.0,0.0,train,5
Slovakia,1988,0.6206924676895141,0.16948130963684352,2.2302955627441405,0.8996627944026236,0.03357344251126046,0.0,0.0,0.0,train,5
Slovakia,1992,0.6206924676895141,0.16948130963684352,2.2302955627441405,0.8996627944026236,0.03357344251126046,0.0,0.0,0.0,train,5
Slovakia,1996,0.6206924676895141,0.16948130963684352,2.2302955627441405,0.8996627944026236,0.03357344251126046,1.0,3.0,0.0,train,5
Slovakia,2000,0.885322380065918,0.18787082526475812,3.1152231216430666,1.0282487677063767,0.03357344251126046,1.0,5.0,0.0,train,5
Slovakia,2004,1.192287564277649,0.20385748602519985,4.120606708526611,1.1220429631982056,0.03357344251126046,2.0,6.0,0.0,train,5
Slovakia,2008,1.6503019332885742,0.19693540906240303,5.577423858642578,1.1771482284269543,0.03357344251126046,3.0,6.0,0.0,train,5
Slovakia,2012,2.043356728553772,0.18199910950638448,6.794801330566406,1.1986249577649677,0.03357344251126046,0.0,4.0,0.0,train,5
Slovakia,2016,1.6442423343658448,0.11570549767294948,5.571717643737793,0.8781716551852718,0.03357344251126046,2.0,4.0,0.0,train,5
Slovakia,2020,1.6256037473678588,0.12400190343113825,5.49914779663086,0.9464161282749471,0.03357344251126046,1.0,4.0,0.0,val,5
Slovakia,2024,1.3887818574905395,0.16729762990114547,4.756685733795166,1.0429851314583432,0.03357344251126046,0.0,1.0,0.0,val,5
Slovenia,1964,0.6206924676895141,0.16948130963684352,2.2302955627441405,0.8996627944026236,0.03357344251126046,0.0,0.0,0.0,train,5
Slovenia,1968,0.6206924676895141,0.16948130963684352,2.2302955627441405,0.8996627944026236,0.03357344251126046,0.0,0.0,0.0,train,5
Slovenia,1972,0.6206924676895141,0.16948130963684352,2.2302955627441405,0.8996627944026236,0.03357344251126046,0.0,0.0,0.0,train,5
Slovenia,1976,0.6206924676895141,0.16948130963684352,2.2302955627441405,0.8996627944026236,0.03357344251126046,0.0,0.0,0.0,train,5
Slovenia,1980,0.6206924676895141,0.16948130963684352,2.2302955627441405,0.8996627944026236,0.03357344251126046,0.0,0.0,0.0,train,5
Slovenia,1984,0.6206924676895141,0.16948130963684352,2.2302955627441405,0.8996627944026236,0.03357344251126046,0.0,0.0,0.0,train,5
Slovenia,1988,0.6206924676895141,0.16948130963684352,2.2302955627441405,0.8996627944026236,0.03357344251126046,0.0,0.0,0.0,train,5
Slovenia,1992,0.6206924676895141,0.16948130963684352,2.2302955627441405,0.8996627944026236,0.03357344251126046,0.0,2.0,0.0,train,5
Slovenia,1996,0.7153530836105346,0.19032908262914094,2.5526006698608397,0.9769118706903855,0.03357344251126046,0.0,2.0,0.0,train,5
Slovenia,2000,0.7840441226959228,0.19554459281009098,2.7884859085083007,1.0022208715648846,0.03357344251126046,2.0,2.0,0.0,train,5
Slovenia,2004,1.0950116634368896,0.17258592347761498,3.7987826347351072,1.026238729307259,0.03357344251126046,0.0,4.0,0.0,train,5
Slovenia,2008,1.1005750179290772,0.16379390647558575,3.826539325714111,0.9808811629447334,0.03357344251126046,1.0,5.0,0.0,train,5
Slovenia,2012,1.3285604000091553,0.17064532709363278,4.562691020965576,1.0359569542286549,0.03357344251126046,1.0,4.0,0.0,train,5
Slovenia,2016,1.3412425756454467,0.20037634496174545,4.6131667137146,1.118690761525022,0.03357344251126046,1.0,4.0,0.0,train,5
Slovenia,2020,1.3928281545639039,0.16311924611835235,4.773370170593262,1.0176928738595434,0.03357344251126046,3.0,5.0,0.0,val,5
Slovenia,2024,1.7344136953353881,0.17275357760540713,5.826285934448242,1.1334072732688965,0.03357344251126046,2.0,3.0,0.0,val,5
South Africa,1964,1.3361592054367066,0.16332025181713156,4.613080596923828,0.9362863897863758,0.03357344251126046,0.0,0.0,0.0,train,5
South Africa,1968,0.8256932258605957,0.17353081770504453,2.9350811004638673,0.9279685487022359,0.03357344251126046,0.0,0.0,0.0,train,5
South Africa,1972,0.6948657751083374,0.16578815103579772,2.4859005928039553,0.8924748526993088,0.03357344251126046,0.0,0.0,0.0,train,5
South Africa,1976,0.6206924676895141,0.16948130963684352,2.2302955627441405,0.8996627944026236,0.03357344251126046,0.0,0.0,0.0,train,5
South Africa,1980,0.6206924676895141,0.16948130963684352,2.2302955627441405,0.8996627944026236,0.03357344251126046,0.0,0.0,0.0,train,5
South Africa,1984,0.6206924676895141,0.16948130963684352,2.2302955627441405,0.8996627944026236,0.03357344251126046,0.0,0.0,0.0,train,5
South Africa,1988,0.6206924676895141,0.16948130963684352,2.2302955627441405,0.8996627944026236,0.03357344251126046,0.0,0.0,0.0,train,5
South Africa,1992,0.6206924676895141,0.16948130963684352,2.2302955627441405,0.8996627944026236,0.03357344251126046,0.0,2.0,0.0,train,5
South Africa,1996,0.7153530836105346,0.19032908262914094,2.5526006698608397,0.9769118706903855,0.03357344251126046,3.0,5.0,0.0,train,5
South Africa,2000,1.3549206256866455,0.21621415801404192,4.625227451324463,1.202532449994936,0.03357344251126046,0.0,5.0,0.0,train,5
South Africa,2004,1.3784268617630004,0.16821113081782904,4.727168083190918,1.0393710755341021,0.03357344251126046,1.0,6.0,0.0,train,5
South Africa,2008,1.606177067756653,0.16139071908288652,5.453643035888672,1.0374983861402565,0.03357344251126046,0.0,1.0,0.0,train,5
South Africa,2012,1.106121301651001,0.17298414386925856,3.8599886894226074,0.9682442521194359,0.03357344251126046,4.0,6.0,0.0,train,5
South Africa,2016,1.7973469495773315,0.20312489349342014,6.013746643066407,1.2154234404262965,0.03357344251126046,2.0,10.0,0.0,train,5
South Africa,2020,2.1470235109329225,0.23297093557643417,7.118001556396484,1.3678228359522622,0.03357344251126046,1.0,3.0,0.0,val,5
South Africa,2024,2.0013817310333253,0.12222931224821434,6.682890510559082,0.8655304864939168,0.03357344251126046,1.0,6.0,0.0,val,5
South Korea,1964,0.7383706331253052,0.17228035083739604,2.635056495666504,0.9184157740583115,0.03357344251126046,0.0,3.0,0.0,train,5
South Korea,1968,0.8141352891921997,0.19799558621548988,2.890020561218262,1.0131794247118013,0.03357344251126046,0.0,2.0,0.0,train,5
South Korea,1972,0.8197010040283204,0.19843925086030928,2.9096923828125,1.016096334363931,0.03357344251126046,0.0,1.0,0.0,train,5
South Korea,1976,0.8120516061782836,0.18140836351942433,2.886832332611084,0.9559263913169276,0.03357344251126046,1.0,6.0,0.0,train,5
South Korea,1980,1.1449362993240357,0.2369011145567851,3.9714776039123536,1.1937798241619442,0.03357344251126046,0.0,0.0,0.0,train,5
South Korea,1984,1.9934203147888183,1.2305040765727033,6.107045459747314,3.3825549140053526,0.03559492100030178,6.0,19.0,0.0,train,5
South Korea,1988,5.000244188308716,2.4381791066943954,14.812219429016114,6.381732610526517,0.042950436100363684,12.0,33.0,1.0,train,5
South Korea,1992,8.919151306152344,0.8634488858822271,27.482782745361327,2.6977465878693225,0.11422122865915293,12.0,29.0,0.0,train,5
South Korea,1996,12.74418773651123,0.8263624437542709,37.63038711547851,1.7817968775028978,0.08686618432402604,7.0,27.0,0.0,train,5
South Korea,2000,12.888114929199219,1.814254978897636,37.99189758300781,3.779192762645031,0.07204379811882969,8.0,28.0,0.0,train,5
South Korea,2004,10.999128150939942,1.487028907093082,32.88900451660156,2.954704753170022,0.06376401111483568,9.0,30.0,0.0,train,5
South Korea,2008,10.493103408813477,1.0749935726746496,31.44344711303711,2.0696509328722574,0.0584024831652641,13.0,32.0,0.0,train,5
South Korea,2012,12.362335014343262,1.3133979460865437,36.163693237304685,2.5937086848275595,0.05205071642994878,13.0,31.0,0.0,train,5
South Korea,2016,13.840887451171875,1.6418078235922238,39.941063690185544,3.3350629821553164,0.04806560631841414,9.0,21.0,0.0,train,5
South Korea,2020,12.915435028076171,1.9480613892686414,37.50691223144531,4.124887425494127,0.046718043833970976,6.0,20.0,0.0,val,5
South Korea,2024,9.894695949554443,1.60989831373507,29.572599029541017,3.466130874998266,0.04659397806972262,13.0,32.0,0.0,val,5
Spain,1964,0.6921931028366088,0.1783568057018936,2.4748106956481934,0.9351769426412802,0.03357344251126046,0.0,0.0,0.0,train,5
Spain,1968,0.6543103933334351,0.17200575097891496,2.345773696899414,0.9109589525521297,0.03357344251126046,0.0,0.0,0.0,train,5
Spain,1972,0.645011568069458,0.16808819834581176,2.3141171455383303,0.8970605231605525,0.03357344251126046,0.0,1.0,0.0,train,5
Spain,1976,0.6676949024200439,0.1798028624525253,2.3903839111328127,0.9376466183522708,0.03357344251126046,0.0,2.0,0.0,train,5
Spain,1980,0.7494386434555054,0.1928535356523141,2.669665050506592,0.9892643291759153,0.03357344251126046,1.0,6.0,0.0,train,5
Spain,1984,1.1559380054473878,0.2423739073407219,4.007617855072022,1.2129919030015994,0.03357344251126046,1.0,5.0,0.0,train,5
Spain,1988,2.466447877883911,1.339693003182649,7.5925802230834964,3.75961284190105,0.03559492100030178,1.0,4.0,0.0,train,5
Spain,1992,3.328738832473755,1.9971103071856087,9.809925651550293,5.0595896694080755,0.042950436100363684,13.0,22.0,1.0,train,5
Spain,1996,6.002652168273926,0.4119345342100652,19.606073760986327,1.4002350031938156,0.11353610977530475,5.0,17.0,0.0,train,5
Spain,2000,6.5818202018737795,0.5543337296451735,21.455746459960938,0.8967158724925066,0.10892507508397098,3.0,11.0,0.0,train,5
Spain,2004,6.499323844909668,1.2394739997173938,21.313539886474608,2.475244757903726,0.10595715194940562,3.0,20.0,0.0,train,5
Spain,2008,4.75554141998291,0.2277302274818053,16.381354141235352,0.4402704046405795,0.10779239572584627,5.0,19.0,0.0,train,5
Spain,2012,5.1777750015258786,0.1248393647400786,17.544199752807618,0.8705564389925999,0.10503101572394369,4.0,20.0,0.0,train,5
Spain,2016,5.857597732543946,0.22630922553900293,19.49507369995117,0.569066981103545,0.10313242375850673,7.0,17.0,0.0,train,5
Spain,2020,6.431801414489746,0.41871585601016936,20.984710693359375,0.3273294606422434,0.09815833009779448,3.0,17.0,0.0,val,5
Spain,2024,5.782631683349609,0.3848027298960272,19.152067184448242,0.26047631417850653,0.0975054737180471,5.0,18.0,0.0,val,5
Sweden,1964,7.20073127746582,1.2576189931945532,22.413702774047852,2.565450344491027,0.05123164188116782,2.0,8.0,0.0,train,5
Sweden,1968,3.5182964324951174,0.34144717722591283,11.762043380737305,0.49627417335584845,0.05385709907859558,2.0,4.0,0.0,train,5
Sweden,1972,2.179461622238159,0.04230851471912685,7.661855697631836,0.53491833005462,0.05648691635578866,4.0,16.0,0.0,train,5
Sweden,1976,3.3631731033325196,0.13026474002241506,11.344841766357423,1.0493522512253146,0.058250028826296284,4.0,5.0,0.0,train,5
Sweden,1980,3.3440612316131593,0.14391896651844913,11.29644546508789,0.6253020621669938,0.059924105182290036,3.0,12.0,0.0,train,5
Sweden,1984,3.800114154815674,0.23124645107407027,12.748664855957031,0.49609916393329084,0.061937455460429156,2.0,19.0,0.0,train,5
Sweden,1988,3.8947370529174803,0.0935088180880939,13.095529747009277,0.9175978623823464,0.06431408803910013,0.0,11.0,0.0,train,5
Sweden,1992,3.4614327907562257,0.1023858143451492,11.90110912322998,0.9531948744754976,0.06754696741700168,1.0,12.0,0.0,train,5
Sweden,1996,3.2150686264038084,0.19305878675276067,11.173330688476563,1.1617186692139247,0.07027022279798978,2.0,8.0,0.0,train,5
Sweden,2000,2.7479698181152346,0.20543715900520107,9.691025352478027,1.060101384735656,0.07242851965129372,4.0,12.0,0.0,train,5
Sweden,2004,3.442964458465576,0.1319798293569704,11.82674102783203,0.9875633107616083,0.07353671416640278,4.0,7.0,0.0,train,5
Sweden,2008,3.4871564865112306,0.12528229519667194,11.936990737915039,0.5326154118610014,0.07457221746444699,0.0,5.0,0.0,train,5
Sweden,2012,2.696458864212036,0.19004001190011874,9.540908813476562,0.2738039242273101,0.07737007848918434,1.0,8.0,0.0,train,5
Sweden,2016,2.2732890129089354,0.06895930731552846,8.254269409179688,0.426649507163261,0.07960190586745734,2.0,11.0,0.0,train,5
Sweden,2020,2.5185705184936524,0.2241787869408075,9.073078918457032,1.0372911708898276,0.08127081990242,3.0,9.0,0.0,val,5
Sweden,2024,3.0301002979278566,0.10878603946150497,10.6748779296875,0.8185371065862148,0.0824029222130775,4.0,11.0,0.0,val,5
Switzerland,1964,1.5289926052093505,0.1959550053431938,5.236160087585449,1.0595301774271233,0.03357344251126046,1.0,4.0,0.0,train,5
Switzerland,1968,1.2048760414123536,0.23341622431304934,4.174038696289062,1.1897744005178872,0.03357344251126046,0.0,5.0,0.0,train,5
Switzerland,1972,1.2777856111526489,0.21818169854839117,4.4233190536499025,1.137149012295734,0.03357344251126046,0.0,3.0,0.0,train,5
Switzerland,1976,1.118124508857727,0.18904670157267042,3.898742198944092,1.0192386064758132,0.03357344251126046,1.0,4.0,0.0,train,5
Switzerland,1980,1.2000802755355835,0.21664970472209436,4.15996789932251,1.131764751400085,0.03357344251126046,2.0,2.0,0.0,train,5
Switzerland,1984,1.2924569368362426,0.15604802448415656,4.437864017486572,1.0117934268446318,0.03357344251126046,0.0,8.0,0.0,train,5
Switzerland,1988,1.459411883354187,0.1910383106830091,4.988921070098877,1.10934691371056,0.03357344251126046,0.0,4.0,0.0,train,5
Switzerland,1992,1.3020410537719727,0.1878528295123561,4.49636058807373,1.048870237874173,0.03357344251126046,1.0,1.0,0.0,train,5
Switzerland,1996,1.1647326946258545,0.18057138122697128,4.049027633666992,1.0018210060024562,0.03357344251126046,4.0,7.0,0.0,train,5
Switzerland,2000,1.8221434354782104,0.2277848071783405,6.086040115356445,1.2960008917628223,0.03357344251126046,1.0,9.0,0.0,train,5
Switzerland,2004,2.0341899156570435,0.1867151421206371,6.776492404937744,1.214156122638753,0.03357344251126046,1.0,5.0,0.0,train,5
Switzerland,2008,2.006452202796936,0.13650924602266448,6.710015964508057,0.9670216765428528,0.03357344251126046,2.0,7.0,0.0,train,5
Switzerland,2012,1.9366171598434447,0.2269809389016627,6.491297340393066,1.2703771724169313,0.03357344251126046,2.0,4.0,0.0,train,5
Switzerland,2016,1.793387222290039,0.15583203991957953,6.026931381225586,1.0760200316464774,0.03357344251126046,3.0,7.0,0.0,train,5
Switzerland,2020,2.166676378250122,0.15542506432361367,7.174607753753662,1.1370004012902784,0.03357344251126046,3.0,13.0,0.0,val,5
Switzerland,2024,2.7576401233673096,0.24798549811821383,9.014906692504884,1.4986365459304851,0.03357344251126046,1.0,8.0,0.0,val,5
Thailand,1964,0.6206924676895141,0.16948130963684352,2.2302955627441405,0.8996627944026236,0.03357344251126046,0.0,0.0,0.0,train,5
Thailand,1968,0.6206924676895141,0.16948130963684352,2.2302955627441405,0.8996627944026236,0.03357344251126046,0.0,0.0,0.0,train,5
Thailand,1972,0.6206924676895141,0.16948130963684352,2.2302955627441405,0.8996627944026236,0.03357344251126046,0.0,0.0,0.0,train,5
Thailand,1976,0.6206924676895141,0.16948130963684352,2.2302955627441405,0.8996627944026236,0.03357344251126046,0.0,1.0,0.0,train,5
Thailand,1980,0.6676949024200439,0.1798028624525253,2.3903839111328127,0.9376466183522708,0.03357344251126046,0.0,0.0,0.0,train,5
Thailand,1984,0.6543103933334351,0.17200575097891496,2.345773696899414,0.9109589525521297,0.03357344251126046,0.0,1.0,0.0,train,5
Thailand,1988,0.6921931028366088,0.1783568057018936,2.4748106956481934,0.9351769426412802,0.03357344251126046,0.0,1.0,0.0,train,5
Thailand,1992,0.7015465259552002,0.1823306339789058,2.506655788421631,0.9495006974017731,0.03357344251126046,0.0,1.0,0.0,train,5
Thailand,1996,0.7262634754180908,0.18093037222940378,2.5918365478515626,0.9471471928457222,0.03357344251126046,1.0,2.0,0.0,train,5
Thailand,2000,0.8960626125335693,0.17777444147829322,3.153776836395264,0.9973729729635166,0.03357344251126046,1.0,3.0,0.0,train,5
Thailand,2004,1.0670886993408204,0.16793841474529278,3.7115415573120116,1.005257056478985,0.03357344251126046,3.0,8.0,0.0,train,5
Thailand,2008,1.815403366088867,0.22163533655223613,6.076388740539551,1.2789410782845319,0.03357344251126046,2.0,6.0,0.0,train,5
Thailand,2012,2.0135672330856322,0.17045400219770654,6.708990287780762,1.162020292704009,0.03357344251126046,0.0,4.0,0.0,train,5
Thailand,2016,1.6916192531585694,0.12094709040689264,5.728321647644043,0.855852777374889,0.03357344251126046,2.0,6.0,0.0,train,5
Thailand,2020,1.6814614534378052,0.18697455449633213,5.681614398956299,1.1337340551489115,0.03357344251126046,1.0,2.0,0.0,val,5
Thailand,2024,1.360240387916565,0.15097371608685503,4.6673150062561035,0.984882243219991,0.03357344251126046,1.0,6.0,0.0,val,5
Trinidad and Tobago,1964,0.6697348594665528,0.16685500053196517,2.3993156433105467,0.8946617205006074,0.03357344251126046,0.0,3.0,0.0,train,5
Trinidad and Tobago,1968,0.763663935661316,0.20103772114811508,2.7169331550598144,1.0173560760256037,0.03357344251126046,0.0,0.0,0.0,train,5
Trinidad and Tobago,1972,0.7230955362319946,0.1775823565396344,2.5819607734680177,0.9354899340930358,0.03357344251126046,0.0,0.0,0.0,train,5
Trinidad and Tobago,1976,0.6948657751083374,0.16578815103579772,2.4859005928039553,0.8924748526993088,0.03357344251126046,1.0,1.0,0.0,train,5
Trinidad and Tobago,1980,0.7846160411834717,0.16441871517761913,2.7780320167541506,0.9481708872350961,0.03357344251126046,0.0,0.0,0.0,train,5
Trinidad and Tobago,1984,0.7248416185379029,0.14545758521943367,2.57936372756958,0.8675145975297976,0.03357344251126046,0.0,0.0,0.0,train,5
Trinidad and Tobago,1988,0.6938234806060791,0.14020308121268288,2.4745019912719726,0.8364977738836858,0.03357344251126046,0.0,0.0,0.0,train,5
Trinidad and Tobago,1992,0.6206924676895141,0.16948130963684352,2.2302955627441405,0.8996627944026236,0.03357344251126046,0.0,0.0,0.0,train,5
Trinidad and Tobago,1996,0.6206924676895141,0.16948130963684352,2.2302955627441405,0.8996627944026236,0.03357344251126046,0.0,2.0,0.0,train,5
Trinidad and Tobago,2000,0.7153530836105346,0.19032908262914094,2.5526006698608397,0.9769118706903855,0.03357344251126046,0.0,2.0,0.0,train,5
Trinidad and Tobago,2004,0.7840441226959228,0.19554459281009098,2.7884859085083007,1.0022208715648846,0.03357344251126046,0.0,1.0,0.0,train,5
Trinidad and Tobago,2008,0.7862076997756958,0.18247401296755258,2.7979726791381836,0.9577102306359955,0.03357344251126046,1.0,2.0,0.0,train,5
Trinidad and Tobago,2012,0.9228207111358643,0.17685942539371935,3.2439267158508303,0.9952566402144735,0.03357344251126046,1.0,4.0,0.0,train,5
Trinidad and Tobago,2016,1.1232398271560669,0.1826305815338715,3.8937338829040526,1.0505442312675681,0.03357344251126046,0.0,1.0,0.0,train,5
Trinidad and Tobago,2020,0.9919577836990356,0.1345238458243659,3.4756927490234375,0.8670476588960107,0.03357344251126046,0.0,0.0,0.0,val,5
Trinidad and Tobago,2024,0.8067103385925293,0.1405467522245079,2.862707328796387,0.838016075827865,0.03357344251126046,0.0,0.0,0.0,val,5
Tunisia,1964,0.6206924676895141,0.16948130963684352,2.2302955627441405,0.8996627944026236,0.03357344251126046,0.0,2.0,0.0,train,5
Tunisia,1968,0.7153530836105346,0.19032908262914094,2.5526006698608397,0.9769118706903855,0.03357344251126046,1.0,2.0,0.0,train,5
Tunisia,1972,0.906397032737732,0.18230131710446468,3.187893104553223,1.0126975786538694,0.03357344251126046,0.0,1.0,0.0,train,5
Tunisia,1976,0.8600041151046753,0.1553057568492635,3.0411813735961912,0.9094510064238619,0.03357344251126046,0.0,0.0,0.0,train,5
Tunisia,1980,0.753896975517273,0.14168717056702454,2.680972385406494,0.8431571533693185,0.03357344251126046,0.0,0.0,0.0,train,5
Tunisia,1984,0.645011568069458,0.16808819834581176,2.3141171455383303,0.8970605231605525,0.03357344251126046,0.0,0.0,0.0,train,5
Tunisia,1988,0.6206924676895141,0.16948130963684352,2.2302955627441405,0.8996627944026236,0.03357344251126046,0.0,0.0,0.0,train,5
Tunisia,1992,0.6206924676895141,0.16948130963684352,2.2302955627441405,0.8996627944026236,0.03357344251126046,0.0,0.0,0.0,train,5
Tunisia,1996,0.6206924676895141,0.16948130963684352,2.2302955627441405,0.8996627944026236,0.03357344251126046,0.0,1.0,0.0,train,5
Tunisia,2000,0.6676949024200439,0.1798028624525253,2.3903839111328127,0.9376466183522708,0.03357344251126046,0.0,0.0,0.0,train,5
Tunisia,2004,0.6543103933334351,0.17200575097891496,2.345773696899414,0.9109589525521297,0.03357344251126046,0.0,0.0,0.0,train,5
Tunisia,2008,0.645011568069458,0.16808819834581176,2.3141171455383303,0.8970605231605525,0.03357344251126046,1.0,1.0,0.0,train,5
Tunisia,2012,0.7846160411834717,0.16441871517761913,2.7780320167541506,0.9481708872350961,0.03357344251126046,2.0,3.0,0.0,train,5
Tunisia,2016,1.1354351043701172,0.15581369854173166,3.921016979217529,1.010217796667988,0.03357344251126046,0.0,3.0,0.0,train,5
Tunisia,2020,1.1144450902938843,0.12703192393918789,3.8682774543762206,0.8860240190060772,0.03357344251126046,1.0,2.0,0.0,val,5
Tunisia,2024,1.1445112943649292,0.1268411718162603,3.9655495643615724,0.8812037568895705,0.03357344251126046,1.0,3.0,0.0,val,5
Turkey,1964,3.1822361946105957,0.19968234627721093,10.245560455322266,1.4150926073672923,0.03357344251126046,2.0,6.0,0.0,train,5
Turkey,1968,2.9376032829284666,0.20386816830720794,9.537635231018067,1.0184215232225242,0.03357344251126046,2.0,2.0,0.0,train,5
Turkey,1972,2.300650405883789,0.25560372610820475,7.574412727355957,0.8507325208874396,0.03357344251126046,0.0,1.0,0.0,train,5
Turkey,1976,1.1809586048126222,0.09722459038990636,4.0862452507019045,0.7361153360830502,0.03357344251126046,0.0,0.0,0.0,train,5
Turkey,1980,0.806457257270813,0.1169597013955328,2.8535292625427244,0.7848403742941437,0.03357344251126046,0.0,0.0,0.0,train,5
Turkey,1984,0.645011568069458,0.16808819834581176,2.3141171455383303,0.8970605231605525,0.03357344251126046,0.0,3.0,0.0,train,5
Turkey,1988,0.763663935661316,0.20103772114811508,2.7169331550598144,1.0173560760256037,0.03357344251126046,1.0,2.0,0.0,train,5
Turkey,1992,0.943914246559143,0.18589359188767102,3.313386821746826,1.026693171215544,0.03357344251126046,2.0,6.0,0.0,train,5
Turkey,1996,1.4464413166046142,0.20953432927455698,4.931440258026123,1.1848057694653562,0.03357344251126046,4.0,6.0,0.0,train,5
Turkey,2000,2.1033643245697022,0.1800978366543533,6.95984582901001,1.2255295553415921,0.03357344251126046,3.0,5.0,0.0,train,5
Turkey,2004,2.328992795944214,0.11985315608458297,7.663524532318116,1.0174497792616837,0.03357344251126046,3.0,10.0,0.0,train,5
Turkey,2008,2.6879337310791014,0.1469822250634428,8.781413459777832,1.1321904220458585,0.03357344251126046,1.0,5.0,0.0,train,5
Turkey,2012,2.1270284175872805,0.1283762123747478,7.073611831665039,0.9862779663826956,0.03357344251126046,1.0,3.0,0.0,train,5
Turkey,2016,1.7078680515289306,0.1204984955087397,5.774753475189209,0.8655733613623939,0.03357344251126046,1.0,8.0,0.0,train,5
Turkey,2020,1.596405267715454,0.22198789228212598,5.42351770401001,1.222473595105298,0.03357344251126046,2.0,13.0,0.0,val,5
Turkey,2024,2.2779791831970213,0.3588901973171354,7.556529903411866,1.715745275225394,0.03357344251126046,0.0,8.0,0.0,val,5
Uganda,1964,0.6206924676895141,0.16948130963684352,2.2302955627441405,0.8996627944026236,0.03357344251126046,0.0,0.0,0.0,train,5
Uganda,1968,0.6206924676895141,0.16948130963684352,2.2302955627441405,0.8996627944026236,0.03357344251126046,0.0,2.0,0.0,train,5
Uganda,1972,0.7153530836105346,0.19032908262914094,2.5526006698608397,0.9769118706903855,0.03357344251126046,1.0,2.0,0.0,train,5
Uganda,1976,0.906397032737732,0.18230131710446468,3.187893104553223,1.0126975786538694,0.03357344251126046,0.0,0.0,0.0,train,5
Uganda,1980,0.8111027956008912,0.1460250957279331,2.875922107696533,0.872740738577151,0.03357344251126046,0.0,1.0,0.0,train,5
Uganda,1984,0.7670966148376465,0.14871852375414168,2.7249394416809083,0.8685095010033377,0.03357344251126046,0.0,0.0,0.0,train,5
Uganda,1988,0.6543103933334351,0.17200575097891496,2.345773696899414,0.9109589525521297,0.03357344251126046,0.0,0.0,0.0,train,5
Uganda,1992,0.645011568069458,0.16808819834581176,2.3141171455383303,0.8970605231605525,0.03357344251126046,0.0,0.0,0.0,train,5
Uganda,1996,0.6206924676895141,0.16948130963684352,2.2302955627441405,0.8996627944026236,0.03357344251126046,0.0,1.0,0.0,train,5
Uganda,2000,0.6676949024200439,0.1798028624525253,2.3903839111328127,0.9376466183522708,0.03357344251126046,0.0,0.0,0.0,train,5
Uganda,2004,0.6543103933334351,0.17200575097891496,2.345773696899414,0.9109589525521297,0.03357344251126046,0.0,0.0,0.0,train,5
Uganda,2008,0.645011568069458,0.16808819834581176,2.3141171455383303,0.8970605231605525,0.03357344251126046,0.0,0.0,0.0,train,5
Uganda,2012,0.6206924676895141,0.16948130963684352,2.2302955627441405,0.8996627944026236,0.03357344251126046,1.0,1.0,0.0,train,5
Uganda,2016,0.7846160411834717,0.16441871517761913,2.7780320167541506,0.9481708872350961,0.03357344251126046,0.0,0.0,0.0,train,5
Uganda,2020,0.7248416185379029,0.14545758521943367,2.57936372756958,0.8675145975297976,0.03357344251126046,2.0,4.0,0.0,val,5
Uganda,2024,1.156085228919983,0.16161614000925834,3.9887170791625977,1.0160107345302598,0.03357344251126046,1.0,2.0,0.0,val,5
Ukraine,1964,0.6206924676895141,0.16948130963684352,2.2302955627441405,0.8996627944026236,0.03357344251126046,0.0,0.0,0.0,train,5
Ukraine,1968,0.6206924676895141,0.16948130963684352,2.2302955627441405,0.8996627944026236,0.03357344251126046,0.0,0.0,0.0,train,5
Ukraine,1972,0.6206924676895141,0.16948130963684352,2.2302955627441405,0.8996627944026236,0.03357344251126046,0.0,0.0,0.0,train,5
Ukraine,1976,0.6206924676895141,0.16948130963684352,2.2302955627441405,0.8996627944026236,0.03357344251126046,0.0,0.0,0.0,train,5
Ukraine,1980,0.6206924676895141,0.16948130963684352,2.2302955627441405,0.8996627944026236,0.03357344251126046,0.0,0.0,0.0,train,5
Ukraine,1984,0.6206924676895141,0.16948130963684352,2.2302955627441405,0.8996627944026236,0.03357344251126046,0.0,0.0,0.0,train,5
Ukraine,1988,0.6206924676895141,0.16948130963684352,2.2302955627441405,0.8996627944026236,0.03357344251126046,0.0,0.0,0.0,train,5
Ukraine,1992,0.6206924676895141,0.16948130963684352,2.2302955627441405,0.8996627944026236,0.03357344251126046,0.0,0.0,0.0,train,5
Ukraine,1996,0.6206924676895141,0.16948130963684352,2.2302955627441405,0.8996627944026236,0.03357344251126046,9.0,23.0,0.0,train,5
Ukraine,2000,3.650265645980835,0.5876059527044835,11.584827613830566,2.395906230144794,0.03357344251126046,3.0,23.0,0.0,train,5
Ukraine,2004,5.044870853424072,0.2881677864288704,15.725301361083984,1.6573978432383172,0.03357344251126046,8.0,22.0,0.0,train,5
Ukraine,2008,7.6572340965271,0.691588502415902,23.0844669342041,1.563032082912051,0.03357344251126046,7.0,22.0,0.0,train,5
Ukraine,2012,7.339507961273194,0.4962849934138422,22.19484519958496,1.3154622627538546,0.03357344251126046,5.0,19.0,0.0,train,5
Ukraine,2016,7.177803230285645,0.774471592708149,21.75677833557129,1.7309556302578102,0.03357344251126046,2.0,11.0,0.0,train,5
Ukraine,2020,5.0450239181518555,0.459681520354483,15.797963333129882,1.1951060110174128,0.03357344251126046,1.0,19.0,0.0,val,5
Ukraine,2024,3.972048282623291,0.23315461309610128,12.726784133911133,1.4258420883164957,0.03357344251126046,3.0,12.0,0.0,val,5
United States,1964,33.592926025390625,0.763184547171078,90.5121353149414,2.669024303458493,0.04166447240859264,36.0,90.0,0.0,train,5
United States,1968,33.49630126953125,0.7565715545071788,90.25485687255859,2.73666697071299,0.04157314356416458,45.0,107.0,0.0,train,5
United States,1972,34.78415222167969,0.6512638322039074,93.55237121582032,2.817835316062577,0.04113620873540634,33.0,94.0,0.0,train,5
United States,1976,35.39012069702149,0.601401849185888,95.18976898193361,2.8558031449631756,0.041200470179319305,34.0,94.0,0.0,train,5
United States,1980,36.703400421142575,1.2066249405590415,98.4088638305664,3.84426008294255,0.044223438203334756,0.0,0.0,0.0,train,5
United States,1984,30.567232513427733,2.957535012093502,82.22517395019531,7.520264921861871,0.05371780209243292,83.0,174.0,1.0,train,5
United States,1988,32.9487907409668,1.294334839898935,88.33961639404296,3.567767255675764,0.06641659475862975,36.0,94.0,0.0,train,5
United States,1992,33.976549530029295,2.137857686387846,91.0386978149414,5.385958166626137,0.06977902501821513,37.0,108.0,0.0,train,5
United States,1996,39.54590606689453,1.7543347407277927,105.64203338623047,4.620889343044125,0.0733594981953501,44.0,101.0,1.0,train,5
United States,2000,37.848394775390624,1.4297381194314405,101.25204010009766,4.084044044235229,0.0634745385497808,37.0,93.0,0.0,train,5
United States,2004,36.97519989013672,0.7754617702315987,99.11272888183593,3.162417811626788,0.050942895933985655,36.0,101.0,0.0,train,5
United States,2008,36.13252182006836,0.699435310348448,97.0285629272461,2.945597293169508,0.04272021949291224,36.0,112.0,0.0,train,5
United States,2012,35.373783874511716,0.6641531501732391,95.13327331542969,2.967066679041514,0.04027224443852898,48.0,104.0,0.0,train,5
United States,2016,35.90235366821289,0.6344807954732724,96.44688415527344,2.9918979262784116,0.04005415663123126,46.0,121.0,0.0,train,5
United States,2020,36.43134078979492,0.6439623285113512,97.84060974121094,3.0516930705288887,0.03989573270082466,39.0,113.0,0.0,val,5
United States,2024,37.83830184936524,1.2733977812935988,101.3219711303711,4.003383002369552,0.04271305166184896,40.0,126.0,0.0,val,5
Uzbekistan,1964,0.6206924676895141,0.16948130963684352,2.2302955627441405,0.8996627944026236,0.03357344251126046,0.0,0.0,0.0,train,5
Uzbekistan,1968,0.6206924676895141,0.16948130963684352,2.2302955627441405,0.8996627944026236,0.03357344251126046,0.0,0.0,0.0,train,5
Uzbekistan,1972,0.6206924676895141,0.16948130963684352,2.2302955627441405,0.8996627944026236,0.03357344251126046,0.0,0.0,0.0,train,5
Uzbekistan,1976,0.6206924676895141,0.16948130963684352,2.2302955627441405,0.8996627944026236,0.03357344251126046,0.0,0.0,0.0,train,5
Uzbekistan,1980,0.6206924676895141,0.16948130963684352,2.2302955627441405,0.8996627944026236,0.03357344251126046,0.0,0.0,0.0,train,5
Uzbekistan,1984,0.6206924676895141,0.16948130963684352,2.2302955627441405,0.8996627944026236,0.03357344251126046,0.0,0.0,0.0,train,5
Uzbekistan,1988,0.6206924676895141,0.16948130963684352,2.2302955627441405,0.8996627944026236,0.03357344251126046,0.0,0.0,0.0,train,5
Uzbekistan,1992,0.6206924676895141,0.16948130963684352,2.2302955627441405,0.8996627944026236,0.03357344251126046,0.0,0.0,0.0,train,5
Uzbekistan,1996,0.6206924676895141,0.16948130963684352,2.2302955627441405,0.8996627944026236,0.03357344251126046,0.0,2.0,0.0,train,5
Uzbekistan,2000,0.7153530836105346,0.19032908262914094,2.5526006698608397,0.9769118706903855,0.03357344251126046,1.0,4.0,0.0,train,5
Uzbekistan,2004,1.0142152786254883,0.2104724689248432,3.54171142578125,1.1038718117162032,0.03357344251126046,2.0,5.0,0.0,train,5
Uzbekistan,2008,1.4412964582443237,0.20491752287581197,4.916411304473877,1.1714848397581477,0.03357344251126046,0.0,4.0,0.0,train,5
Uzbekistan,2012,1.3532640218734742,0.15092662003405422,4.650866413116455,0.964465525246751,0.03357344251126046,0.0,3.0,0.0,train,5
Uzbekistan,2016,1.168733263015747,0.15534632429007675,4.059519100189209,0.9224766792128856,0.03357344251126046,4.0,13.0,0.0,train,5
Uzbekistan,2020,2.2355756759643555,0.4005003160060777,7.394716453552246,1.8137733601177906,0.03357344251126046,3.0,5.0,0.0,val,5
Uzbekistan,2024,2.4387656688690185,0.2084775460349713,8.027079677581787,1.335649424641673,0.03357344251126046,8.0,13.0,0.0,val,5
Venezuela,1964,0.6921931028366088,0.1783568057018936,2.4748106956481934,0.9351769426412802,0.03357344251126046,0.0,0.0,0.0,train,5
Venezuela,1968,0.6543103933334351,0.17200575097891496,2.345773696899414,0.9109589525521297,0.03357344251126046,1.0,1.0,0.0,train,5
Venezuela,1972,0.8096150875091552,0.1629371437578559,2.8640886306762696,0.9452855360158181,0.03357344251126046,0.0,0.0,0.0,train,5
Venezuela,1976,0.7248416185379029,0.14545758521943367,2.57936372756958,0.8675145975297976,0.03357344251126046,0.0,1.0,0.0,train,5
Venezuela,1980,0.7413732051849365,0.1497842091906032,2.6364068031311034,0.8714022803488953,0.03357344251126046,0.0,1.0,0.0,train,5
Venezuela,1984,0.7015465259552002,0.1823306339789058,2.506655788421631,0.9495006974017731,0.03357344251126046,0.0,3.0,0.0,train,5
Venezuela,1988,0.823811411857605,0.2023101827886596,2.922062110900879,1.028540067312746,0.03357344251126046,0.0,0.0,0.0,train,5
Venezuela,1992,0.748076319694519,0.17633681263103546,2.6680600166320803,0.9332684649402317,0.03357344251126046,0.0,0.0,0.0,train,5
Venezuela,1996,0.6948657751083374,0.16578815103579772,2.4859005928039553,0.8924748526993088,0.03357344251126046,0.0,0.0,0.0,train,5
Venezuela,2000,0.6206924676895141,0.16948130963684352,2.2302955627441405,0.8996627944026236,0.03357344251126046,0.0,0.0,0.0,train,5
Venezuela,2004,0.6206924676895141,0.16948130963684352,2.2302955627441405,0.8996627944026236,0.03357344251126046,0.0,2.0,0.0,train,5
Venezuela,2008,0.7153530836105346,0.19032908262914094,2.5526006698608397,0.9769118706903855,0.03357344251126046,0.0,1.0,0.0,train,5
Venezuela,2012,0.7359162092208862,0.18502988726767403,2.6246771812438965,0.9619783997576766,0.03357344251126046,1.0,1.0,0.0,train,5
Venezuela,2016,0.8712326288223267,0.16493221224455895,3.07298002243042,0.9549160385779553,0.03357344251126046,0.0,3.0,0.0,train,5
Venezuela,2020,0.8978747367858887,0.17491768882366646,3.16424674987793,0.977438505364829,0.03357344251126046,1.0,4.0,0.0,val,5
Venezuela,2024,1.137773823738098,0.1833438922679858,3.9441683769226072,1.044837390902725,0.03357344251126046,0.0,0.0,0.0,val,5
